phone_e164,name,address,website,campaign_link
+16105328744,H & H Heating and Air Conditioning Inc.,"3 Industrial Hwy, Essington, PA 19029, USA",https://www.delcohvac.com/?utm_source=Google&utm_medium=Organic&utm_campaign=GMB,https://www.delcotechdivision.com/
+16109570002,"DelFera Heating, Cooling & Electric, Co.","3581 Concord Rd, Aston Township, PA 19014, USA",http://www.delfera.com/,https://www.delcotechdivision.com/
+14848468868,Comfort Home Heating and Cooling,"1035 Milmont Ave, Swarthmore, PA 19081, USA",https://www.comforthomeheatingandcooling.com/,https://www.delcotechdivision.com/
+16106382940,Creative Comfort Solutions Heating & Air Conditioning,"34 E Glenolden Ave, Glenolden, PA 19036, USA",https://creativecomfortsolutions.com/?utm_source=google&utm_medium=organic&utm_campaign=glenolden_gbp,https://www.delcotechdivision.com/
+16105297372,Perfect Degree HVAC,"4610 State Rd, Drexel Hill, PA 19026, USA",https://www.perfectdegreehvac.net/,https://www.delcotechdivision.com/
+14843765429,Adam Home Services,"200 West Chester Pike, Havertown, PA 19083, USA",https://adammechanical.com/?utm_source=gmb&utm_medium=organic,https://www.delcotechdivision.com/
+14849699524,"Dream Team - Plumbing, Heating, Cooling, & Electric","300 S Pennell Rd Suite 200, Media, PA 19063, USA",https://dreamteampa.com/media/?utm_source=organic&utm_medium=gbp&utm_campaign=Media+GBP,https://www.delcotechdivision.com/
+16105908877,Heat-N-Air Guys,"1134 Main St, Darby, PA 19023, USA",http://www.heatnairguys.com/,https://www.delcotechdivision.com/
+16106498080,McLoughlin Plumbing Heating & Cooling,"8649 West Chester Pike, Upper Darby Township, PA 19082, USA",https://www.mcloughlinphc.com/?utm_source=google-business-profile&utm_medium=organic&utm_campaign=business-listing&utm_content=mcloughlin,https://www.delcotechdivision.com/
+16106723046,PJ MAC HVAC Service & Repair,"642 Harper Ave, Drexel Hill, PA 19026, USA",https://pjmachvac.com/drexel-hill-ac-heating-repair-install/,https://www.delcotechdivision.com/
+12677108134,McGinley Services Heating & Cooling,"1100 Lincoln Ave store 2, Prospect Park, PA 19076, USA",http://mcginleyservices.com/,https://www.delcotechdivision.com/
+12672491218,"Go Green Maintenance and Repair, LLC","4608 Florida Ave, Newtown Square, PA 19073, USA",https://chestercountyhvacandplumbing.com/,https://www.delcotechdivision.com/
+16104672223,Oliver Heating and Cooling,"101 Waverly Ave, Morton, PA 19070, USA",https://www.oliverheatcool.com/?utm_source=GoogleMyBusiness&utm_medium=organic&utm_campaign=GMBListingPA,https://www.delcotechdivision.com/
+16103259966,"Borden Heating & Cooling, Inc.","501 Abbott Dr, Broomall, PA 19008, USA",http://www.bordenco.com/?utm_source=google-my-business&utm_medium=organic,https://www.delcotechdivision.com/
+16105654778,Pompetti Heating & Air Conditioning,"410 Taylor St, Media, PA 19063, USA",http://pompettihvac.com/,https://www.delcotechdivision.com/
+16105006416,Middletown HVAC,"1275 Middletown Rd, Glen Mills, PA 19342, USA",https://mtownhvac.com/,https://www.delcotechdivision.com/
+16109375357,SK Heating and Air Conditioning,"339 Montgomery Ave, Bala Cynwyd, PA 19004, USA",http://www.skcomfort.com/,https://www.delcotechdivision.com/
+16107237274,"Boyle Energy - Heating, Air Conditioning, Oil & Propane","40 W Manoa Rd, Havertown, PA 19083, USA",https://boylebrothersenergy.com/?utm_source=Google+My+Business&utm_medium=Organic,https://www.delcotechdivision.com/
+14844782284,Bailey Heating & Cooling LLC,"1201 Alfred Ave, Yeadon, PA 19050, USA",,https://www.delcotechdivision.com/
+16105407298,Unique Indoor Comfort Heating and Cooling,"780 5th Ave Suite 140, King of Prussia, PA 19406, USA",https://www.uniqueheatingandcooling.com/?utm_source=google&utm_medium=organic&utm_campaign=GMBListing-King-Of-Prussia-PA,https://www.delcotechdivision.com/
+16106151181,O'Brien Heating & Air Conditioning,"381 Burmont Rd, Drexel Hill, PA 19026, USA",https://ocomfort.com/?utm_source=google&utm_medium=organic&utm_campaign=GMBListing-Drexel-Hill-PA,https://www.delcotechdivision.com/
+14842960116,"Karalis Mechanical Services, LLC.","2035 Sproul Rd, Broomall, PA 19008, USA",https://www.karalishvac.com/?utm_source=google&utm_medium=organic&utm_campaign=gbp-listing,https://www.delcotechdivision.com/
+16104467877,John Cipollone Inc,"600 Darby Rd, Havertown, PA 19083, USA",https://www.johncipollone.com/,https://www.delcotechdivision.com/
+16105348771,Cool It Heating and Air,"7 Riddlewood Dr, Media, PA 19063, USA",https://coolithvac.com/,https://www.delcotechdivision.com/
+14842558269,"Dream Team - Plumbing, Heating, Cooling, & Electric","1 E Eagle Rd, Havertown, PA 19083, USA",https://dreamteampa.com/havertown/?utm_source=google&utm_medium=gbp-hav&se_campaign=GBP%20-%20Havertown,https://www.delcotechdivision.com/
+16105108173,"WM Henderson Heating, Cooling, Plumbing, & Electrical Inc.","511 Abbott Dr, Broomall, PA 19008, USA",https://www.wmhendersoninc.com/?utm_source=google&utm_medium=gbp&utm_campaign=WMH0100-WEB009-GBP&utm_crid=WMH0100_WEB009_134369292,https://www.delcotechdivision.com/
+12152789690,"Stallion Heating, Plumbing, Air Conditioning","1641 Delmar Dr, Folcroft, PA 19032, USA",https://www.26stallion.com/?utm_source=google-business-profile&utm_medium=organic&utm_campaign=business-listing&utm_content=stallion,https://www.delcotechdivision.com/
+16109698944,PATRICK’S Heating and Cooling,"302 Netherington Dr, Broomall, PA 19008, USA",https://patrickshvacservices.com/,https://www.delcotechdivision.com/
+16106232789,"Walsh Brothers Plumbing and Mechanical Services, Inc.","500 Abbott Dr STE A, Broomall, PA 19008, USA",https://www.walshbrothersinc.com/,https://www.delcotechdivision.com/
+14842221233,Green Air Concepts HVAC,"218 Ardmore Ave, Ardmore, PA 19003, USA",https://greenairconcepts.net/?utm_source=GBP&utm_medium=GBP-Profile&utm_campaign=GBP-Organic,https://www.delcotechdivision.com/
+16108092552,BNK Plumbing And HVAC Services,"750 Academy Terrace, Sharon Hill, PA 19079, USA",http://www.bnkplumbing-appliances.com/,https://www.delcotechdivision.com/
+12672172279,Robinson Mechanical LLC,"1149 Morton Ave, Folsom, PA 19033, USA",http://www.robinsonmechanicalllc.com/,https://www.delcotechdivision.com/
+12679689388,Darlington Heating & Cooling,"3443 John F Kennedy Dr, Brookhaven, PA 19015, USA",http://darlingtonheatcool.com/,https://www.delcotechdivision.com/
+14847796060,Comfort Zone Heating & Air Conditioning,"3805 West Chester Pike, Newtown Square, PA 19073, USA",https://comfortzoneheatingairconditioning.site/,https://www.delcotechdivision.com/
+13023837036,Old School Heating & Cooling LLC,"2 Woodsedge, Claymont, DE 19703, USA",https://www.oldschoolheat.com/,https://www.delcotechdivision.com/
+12672140111,Philly's Heating and Cooling,"3738 Melon St, Philadelphia, PA 19104, USA",,https://www.delcotechdivision.com/
+14845736393,"Harris Plumbing, Heating, Air & Electrical","105 W 3rd St Suite 102, Media, PA 19063, USA",https://www.callharrisnow.com/?utm_source=google&utm_medium=gbp-pa&se_campaign=GBP%20-%20Media%20PA,https://www.delcotechdivision.com/
+14844968022,GEN3 Electric & HVAC,"200 S Chester Pike, Glenolden, PA 19036, USA",https://generation3electric.com/,https://www.delcotechdivision.com/
+12154166557,Superior Comfort Heating & Cooling LLC,"545 N 58th St, Philadelphia, PA 19131, USA",http://www.phillyhvacpro.com/,https://www.delcotechdivision.com/
+12153643500,High Tech Heating and Cooling,"147 Conchester Hwy, Garnet Valley, PA 19014, USA",https://hightechheatingandcooling.com/,https://www.delcotechdivision.com/
+16105483378,Today Heating &Air Conditioning Company,"19 Cook Rd, Media, PA 19063, USA",,https://www.delcotechdivision.com/
+16104246275,PJ MAC HVAC Air Duct Cleaning,"630 Fairview Rd #110, Swarthmore, PA 19081, USA",https://pjmachvac.com/air-duct-cleaning-service-swarthmore/,https://www.delcotechdivision.com/
+16106713360,HL Bowman Inc Plumbing Heating & AC,"1005 Sussex Blvd #4, Broomall, PA 19008, USA",https://hlbowman.com/locations/west-chester-pa/?utm_source=google&utm_medium=gmb&utm_campaign=west%20chester%20listing&se_campaign=Google%20My%20Business%20-%20Clicked%20to%20Website,https://www.delcotechdivision.com/
+16106367030,J R Hahn Heating & Cooling Services,"16 Schoolhouse Ln, Aston Township, PA 19014, USA",,https://www.delcotechdivision.com/
+16103253474,Dan Sciulli HVAC,"132 Laurel Ln, Broomall, PA 19008, USA",http://www.dansciullihvac.com/,https://www.delcotechdivision.com/
+16108000290,PECH HVAC AND ELECTRICIAN,"1139 Upland St, Chester, PA 19013, USA",https://pechhvac.com/,https://www.delcotechdivision.com/
+16105660288,R F Bondurant Plumbing & Heating,"228 Brooke St, Media, PA 19063, USA",https://rfbondurant.com/,https://www.delcotechdivision.com/
+16104616502,"Murphy's Plumbing, Heating & Air Conditioning","565 Abbott Dr, Broomall, PA 19008, USA",http://www.murphysonmacdade.com/,https://www.delcotechdivision.com/
+12232260070,AllSeason Heating & Air Conditioning,"3737 Foulk Rd, Garnet Valley, PA 19060, USA",https://allseasonheatingairconditioning.homes/,https://www.delcotechdivision.com/
+16102282384,J Halligan & Sons,"412 Darby Rd, Havertown, PA 19083, USA",https://www.jhalliganoil.com/,https://www.delcotechdivision.com/
+12674197922,GEN3 Electric & HVAC,"1257 S 26th St, Philadelphia, PA 19146, USA",https://generation3electric.com/,https://www.delcotechdivision.com/
+14845737551,Home HVAC Services,"831 West Chester Pike, West Chester, PA 19382, USA",https://www.homehvacservices.com/,https://www.delcotechdivision.com/
+14842034326,DZO Mechanical,"816 W Springfield Rd, Springfield, PA 19064, USA",https://www.dzomechanical.com/,https://www.delcotechdivision.com/
+13022873400,Air Control Heating & Cooling LLC,"10 Princeton Ave, Claymont, DE 19703, USA",http://www.aircontrol-hvac.com/,https://www.delcotechdivision.com/
+14848872655,"Timothy Off Heating, Air Conditioning & Plumbing","1330 Enterprise Dr Unit 2, West Chester, PA 19380, USA",https://timothyoffheating.com/?utm_source=google&utm_medium=organic&utm_campaign=GMB%20Listing,https://www.delcotechdivision.com/
+16103333219,Proactev Heating & Cooling,"704 Dover Ct, Wallingford, PA 19086, USA",,https://www.delcotechdivision.com/
+14844978101,Bob's Appliance Repairs and HVAC,"2155 Armstrong Ave, Morton, PA 19070, USA",http://www.bobsappliancerepairs.com/,https://www.delcotechdivision.com/
+16105412490,Creative Comfort Solutions Heating & Air Conditioning,"222 Roesch Ave building 6, Oreland, PA 19075, USA",https://creativecomfortsolutions.com/?utm_source=google&utm_medium=organic&utm_campaign=oreland_gbp,https://www.delcotechdivision.com/
+12676567414,Tri-County HVAC & Contracting,"360 W Hortter St, Philadelphia, PA 19119, USA",https://tricountyhvacandcontracting.com/,https://www.delcotechdivision.com/
+16104890444,Mitchell Heating & Air Conditioning,"3421 Germantown Pike, Collegeville, PA 19426, USA",http://www.mitchellheat.com/,https://www.delcotechdivision.com/
+12672141709,Air Done Right,"1048 Welsh Rd, Ambler, PA 19002, USA",https://www.airdonerighthvac.com/,https://www.delcotechdivision.com/
+16102772656,Davis Modern Heating & Cooling,"334 W Germantown Pike, Norristown, PA 19403, USA",http://davismodern.com/,https://www.delcotechdivision.com/
+12153029444,Carney All Seasons,"900 Old Bethlehem Pike, Line Lexington, PA 18932, USA",https://www.carneyallseasons.com/?utm_source=google&utm_medium=gbp&utm_campaign=gbp-line-lexington-pa,https://www.delcotechdivision.com/
+16107389260,"J&B Comfort Systems, Inc.","575 S Goddard Blvd Unit 406, King of Prussia, PA 19406, USA",http://www.jbcomfort.com/,https://www.delcotechdivision.com/
+12153306616,Family Heating & Air Conditioning,"873 Township Line Rd, Elkins Park, PA 19027, USA",https://familyhvac.com/,https://www.delcotechdivision.com/
+12153610900,McGlinn & Son Air Conditioning & Heating,"102 Beaumont Terrace, Lansdale, PA 19446, USA",http://www.mcglinnhvac.com/,https://www.delcotechdivision.com/
+12154885273,"Donnelly's Cooling, Heating & Plumbing","1 Innovation Drive, Plymouth Meeting, PA 19462, USA",https://www.4donnellys.com/service-area/plymouth-meeting-pa/?utm_source=google&utm_medium=gbp&se_campaign=Google%20Business%20Profile(GBP),https://www.delcotechdivision.com/
+12154980444,Brothers Comfort Services,"300 Brookside Ave Building 4, Suite 125, Ambler, PA 19002, USA",https://brotherscomfortservices.com/,https://www.delcotechdivision.com/
+12674406733,Family Heating & Air Conditioning,"325 Sentry Pkwy #200, Blue Bell, PA 19422, USA",http://familyhvac.com/,https://www.delcotechdivision.com/
+12158026100,"PATRICK’S HVAC Services,Montgomery county ,Pennsylvania, United States","201 Overlook Dr, Schwenksville, PA 19473, USA",https://www.patrickshvacservices.com/,https://www.delcotechdivision.com/
+12159952024,Family Heating & Air Conditioning,"500 W Office Center Dr Suite 400, Fort Washington, PA 19034, USA",https://familyhvac.com/,https://www.delcotechdivision.com/
+12679713639,Daniels HVAC Philadelphia LLC,"1869 E Tulpehocken St, Philadelphia, PA 19138, USA",http://www.danielshvacphiladelphia.com/,https://www.delcotechdivision.com/
+14842465735,"Christian Heating, Cooling, Plumbing and Electrical","252 N Radnor Chester Rd #2F, Villanova, PA 19085, USA",https://www.christianhvac.com/?utm_source=google-gbp&utm_medium=organic&utm_campaign=*391*christian-villanova,https://www.delcotechdivision.com/
+12152928861,That HVAC Guy and Plumbing,"1013 E Pleasant Ave, Wyndmoor, PA 19038, USA",https://www.thathvacguy.com/,https://www.delcotechdivision.com/
+12152847583,AirMaster Heating & Cooling Specialists,"5545 Baynton St, Philadelphia, PA 19144, USA",https://www.airmasterpa.com/?utm_source=gbp&utm_medium=organic&utm_campaign=smp_gbp_philly,https://www.delcotechdivision.com/
+16103481142,Toran Heating & Air Conditioning Inc.,"45 E City Ave, Bala Cynwyd, PA 19004, USA",http://www.toranheating.com/,https://www.delcotechdivision.com/
+14843003452,"PSD Heating and Cooling, LLC","141 4th St, Schwenksville, PA 19473, USA",https://psdheatingandcooling.com/,https://www.delcotechdivision.com/
+12153661001,EMCO Tech Heating & Cooling,"2424 Wyandotte Rd, Willow Grove, PA 19090, USA",https://emcocooling.com/,https://www.delcotechdivision.com/
+12676273946,Chud Cooling & Heating,"1570 Old York Rd, Abington, PA 19001, USA",https://chudcompany.com/?utm_source=google&utm_medium=organic&utm_campaign=gmb,https://www.delcotechdivision.com/
+12155159693,C&C Heating & Air Conditioning,"800 Hagey Rd, Souderton, PA 18964, USA",https://cc-hvac.com/?utm_source=Google&utm_medium=Google+Business+Profile&utm_campaign=GBP,https://www.delcotechdivision.com/
+12673768482,Hertler Plumbing & HVAC,"437 Pennsylvania Ave, Fort Washington, PA 19034, USA",https://hertlerhvacplumbing.com/?utm_source=google&utm_medium=organic&utm_campaign=gbp-listing,https://www.delcotechdivision.com/
+12676808750,Lions Heating And Air Conditioning LLC,"2049 Stout Dr STE B1, Warminster, PA 18974, USA",http://www.getlions.com/,https://www.delcotechdivision.com/
+16106800138,Penn Pro Heating And Cooling,"103 N 2nd St, North Wales, PA 19454, USA",,https://www.delcotechdivision.com/
+12155960334,Air Done Right,"333 E Lancaster Ave #341, Ardmore, PA 19003, USA",https://www.airdonerighthvac.com/,https://www.delcotechdivision.com/
+16109489505,"Quality Degree, Inc.","201 N 4th Ave, Royersford, PA 19468, USA",http://www.qdihvac.com/?utm_source=google&utm_medium=gbp&utm_campaign=maps,https://www.delcotechdivision.com/
+12156771300,AFFORDABLE FIXES Heating Cooling Plumbing,"1700 Street Rd, Southampton, PA 18966, USA",https://www.affordablehvacpa.com/,https://www.delcotechdivision.com/
+12157039696,Family Heating & Air Conditioning,"610 Old York Rd, Jenkintown, PA 19046, USA",http://familyhvac.com/,https://www.delcotechdivision.com/
+12675009038,Fusion,"1495 Valley Forge Rd, Wayne, PA 19087, USA",https://fusionhvacrepair.online/,https://www.delcotechdivision.com/
+12157985571,Hirschberg Mechanical,"2955 Terwood Rd, Willow Grove, PA 19090, USA",https://www.hirschbergmechanical.com/,https://www.delcotechdivision.com/
+12159184962,Air Changes Heating & Cooling LLC,"614 Tyson Ave 1st flr, Philadelphia, PA 19111, USA",https://www.airchangeshvac.com/,https://www.delcotechdivision.com/
+12153984399,Family Heating & Air Conditioning,"520 Elmwood Ave, Trevose, PA 19053, USA",http://familyhvac.com/,https://www.delcotechdivision.com/
+12153506594,Quallet HVAC,"1410 St Charles Pl, Abington, PA 19001, USA",http://www.quallethvac.com/?utm_campaign=gmb,https://www.delcotechdivision.com/
+14846006002,Thermal Balance HVAC Repair,"136 Lancaster Ave, Devon, PA 19333, USA",https://thermalbalancehvacrepair.online/,https://www.delcotechdivision.com/
+14842762771,Marshall Services,"2067 Bridge Rd, Skippack, PA 19474, USA",https://www.marshallservice.com/?utm_campaign=gmb&utm_medium=organic&utm_source=gmb,https://www.delcotechdivision.com/
+16106440537,"Michall Daimion Heating & Air Conditioning, Inc.","440 E King St, Malvern, PA 19355, USA",https://www.daimion.com/,https://www.delcotechdivision.com/
+16104246274,PJ MAC,"650 W Lancaster Ave #A, Wayne, PA 19087, USA",https://pjmachvac.com/air-duct-cleaning-service-wayne/,https://www.delcotechdivision.com/
+16105802037,Dedicated HVAC Repair Merion Station,"348 Montgomery Ave #117, Merion Station, PA 19066, USA",,https://www.delcotechdivision.com/
+12153339700,"Green Heating, Cooling & Electric","6915 Castor Ave, Philadelphia, PA 19149, USA",http://www.greenhvacair.com/,https://www.delcotechdivision.com/
+14845760446,"Al's Heating, Cooling & Plumbing","70 Heffner Rd, Royersford, PA 19468, USA",http://www.alsheatingandcooling.com/,https://www.delcotechdivision.com/
+12154648712,Angel Heating & Cooling,"6044 Castor Ave #201, Philadelphia, PA 19149, USA",https://www.angelhvac.com/,https://www.delcotechdivision.com/
+12156106699,Shepherd HVAC Heating & Air Conditioning,"1427 Welsh Rd, Huntingdon Valley, PA 19006, USA",https://www.shepherdcomfort.com/,https://www.delcotechdivision.com/
+12672341350,Retro HVAC Service & Installation LLC,"671a Mary St, Warminster, PA 18974, USA",https://retrohvacllc.com/?utm_source=google&utm_medium=organic&utm_campaign=gbp-profile,https://www.delcotechdivision.com/
+12673000838,Cabrera & Sons Heating & Air Conditioning,"333 Spring Garden St, Philadelphia, PA 19123, USA",https://cabrerasonsroofingconstruction.com/philadelphia-pa-4/,https://www.delcotechdivision.com/
+16105106388,"Horizon Services - Air Conditioning, Heating, Plumbing, & Electrical","900 Adams Ave, Audubon, PA 19403, USA",https://www.horizonservices.com/?utm_source=google&utm_medium=gbp&utm_campaign=HZN0300-WEB009-GBP&utm_crid=HZN0300_WEB009_3124902855,https://www.delcotechdivision.com/
+16103145557,Climate Care HVAC,"680 Forest Rd, Wayne, PA 19087, USA",http://cchvac.com/,https://www.delcotechdivision.com/
+12676260634,D'Amore Air HVAC,"666 Hamel Ave, Glenside, PA 19038, USA",https://damoreair.wixsite.com/mysite,https://www.delcotechdivision.com/
+16106923900,Brandywine Valley Heating & Air Conditioning,"302 Commerce Dr, Exton, PA 19341, USA",http://www.bvhvac.com/,https://www.delcotechdivision.com/
+16109189344,Precision Air Heating and Cooling,"208 Carter Dr STE 3, West Chester, PA 19382, USA",https://precisionairhc.com/,https://www.delcotechdivision.com/
+16104039977,DiBiase,"615 Sands Ct, Coatesville, PA 19320, USA",https://www.dibiasehvac.com/,https://www.delcotechdivision.com/
+16102577702,"Christian Heating, Cooling, Plumbing & Electrical","1041 Andrew Dr, West Chester, PA 19380, USA",https://www.christianhvac.com/?utm_source=google-gbp&utm_medium=organic&utm_campaign=*146*christian-heating-cooling-plumbing-electrical-west-chester,https://www.delcotechdivision.com/
+16102226525,Sunrise Comfort Solutions,"833 Lincoln Ave Unit 2, West Chester, PA 19380, USA",https://sunrisecomfort.com/,https://www.delcotechdivision.com/
+14844017431,Signature HVAC,"1330 Enterprise Dr, West Chester, PA 19380, USA",https://www.signaturehvac.com/?utm_source=google&utm_medium=organic&utm_campaign=GMB%20Listing,https://www.delcotechdivision.com/
+16104312626,Wesley Wood Service Experts,"319 Westtown Rd Ste A, West Chester, PA 19382, USA",https://www.wesleywood.com/?utm_source=google-business-profile&utm_medium=organic&utm_campaign=business-listing&utm_content=wesleywood,https://www.delcotechdivision.com/
+16103991998,Donnelly Heating & Air Conditioning Inc,"242 Greentree Dr, West Chester, PA 19382, USA",http://www.donnellyhvac.com/,https://www.delcotechdivision.com/
+16106713595,Shoemaker Heating and Cooling LLC,"3783 Horseshoe Pike, Honey Brook, PA 19344, USA",https://shoemaker-hvac.com/,https://www.delcotechdivision.com/
+14846132815,Tru North Heating and Air Inc.,"30 W Lancaster Ave, Downingtown, PA 19335, USA",https://trunorthhvac.com/?utm_source=gmb&utm_medium=organic,https://www.delcotechdivision.com/
+16108858027,Meade Heating & Air Conditioning,"139 Pottstown Pike, Chester Springs, PA 19425, USA",https://meadehvac.com/?utm_source=google&utm_medium=organic&utm_campaign=GMBListing-Chester-Springs-PA,https://www.delcotechdivision.com/
+14842601600,Unified HVAC Repair,"1373 Dilworthtown Rd, West Chester, PA 19382, USA",https://unifiedhvacrepair.best/,https://www.delcotechdivision.com/
+14842518696,Aire Serv of West Chester,"835 Lincoln Ave UNIT A1, West Chester, PA 19380, USA",https://aireserv.com/west-chester/?cid=LSTL_ASV-US000187&utm_source=gmb&utm_campaign=local&utm_medium=organic,https://www.delcotechdivision.com/
+14846990264,"Mattioni Plumbing, Heating & Cooling","202 W Uwchlan Ave, Downingtown, PA 19335, USA",https://www.callmattioni.com/?utm_source=google&utm_medium=organic&utm_campaign=GMBListing-Downington-PA&se_action=eyJ0eXBlIjoic2Utc2hvdy1tb2RhbCJ9&?se_campaign=gbp,https://www.delcotechdivision.com/
+14846006004,Total Comfort HVAC Repair,"150 PA-282, Downingtown, PA 19335, USA",https://totalcomforthvacrepair.site/,https://www.delcotechdivision.com/
+16108909254,R&D Heating & Cooling Company,"503 Mill Rd, Kennett Square, PA 19348, USA",https://rdhvac.com/,https://www.delcotechdivision.com/
+16104247049,West Chester HVAC Experts,"618 E Barnard St, West Chester, PA 19382, USA",,https://www.delcotechdivision.com/
+16104246278,PJ MAC HVAC Service & Repair,"105 Westtown Rd #C, West Chester, PA 19382, USA",https://pjmachvac.com/air-duct-cleaning-service-west-chester/,https://www.delcotechdivision.com/
+14842624247,"Dream Team - Plumbing, Heating, Cooling, & Electric","2 E Lancaster Ave, Paoli, PA 19301, USA",https://dreamteampa.com/paoli/?utm_source=google&utm_medium=gbp-pao&se_campaign=GBP%20-%20Paoli,https://www.delcotechdivision.com/
+16104246273,PJ MAC HVAC Air Duct Cleaning,"53 W Baltimore Pike #201, Glen Mills, PA 19342, USA",https://pjmachvac.com/air-duct-cleaning-services-glen-mills/,https://www.delcotechdivision.com/
+16106925252,Brewer Heating & Air Conditioning,"127 Garfield Ave, West Chester, PA 19380, USA",http://www.brewersheatandair.com/,https://www.delcotechdivision.com/
+16104246448,PJ,"627 Swedesford Rd, Malvern, PA 19355, USA",https://pjmachvac.com/swedesford-rd-malvern-hvac-service/,https://www.delcotechdivision.com/
+12677205122,A/c Run-well LLC,"106 Booth St, Chester, PA 19013, USA",https://www.acrunwell.com/,https://www.delcotechdivision.com/
+14845378100,ThermaCare HVAC Repair,"965 Baltimore Pike, Glen Mills, PA 19342, USA",https://thermacarehvacrepair.online/,https://www.delcotechdivision.com/
+16108730622,"JAMES BROWN Plumbing Heating & Air Conditioning, LLC","906 Old Fern Hill Rd Suite 3, West Chester, PA 19380, USA",http://www.jamesbrownphac.com/,https://www.delcotechdivision.com/
+16108699477,DelFera & Son Heating & Air Conditioning,"3 Nashua Dr, West Grove, PA 19390, USA",http://delferaandson.com/,https://www.delcotechdivision.com/
+16106927960,Battavio Plumbing Heating and Cooling,"640 Snyder Ave STE M, West Chester, PA 19382, USA",https://battavio.com/?utm_source=GMB&utm_medium=GMB&utm_campaign=GMB,https://www.delcotechdivision.com/
+16109475255,R & J Mechanical Services,"235 E Market St #4, West Chester, PA 19382, USA",https://rjservicesair.com/,https://www.delcotechdivision.com/
+14843410152,Landgarten Heating & Air Conditioning,"5 Northwood Dr #1768, Downingtown, PA 19335, USA",https://landgartenhvac.com/,https://www.delcotechdivision.com/
+14842601666,Precision Climate Repair,"284 Main St, Exton, PA 19341, USA",https://precisionclimatehvacrepair.pro/,https://www.delcotechdivision.com/
+16106924900,Harmon Heating and Air Conditioning,"319 Westtown Rd Suite V, West Chester, PA 19382, USA",http://harmonhvac.com/,https://www.delcotechdivision.com/
+14846036660,ComfortPros HVAC Repair,"320 US-30 BUS, Coatesville, PA 19320, USA",https://comfortproshvacrepair.site/,https://www.delcotechdivision.com/
+16108904314,"Sila Heating, Air Conditioning, Plumbing & Electrical","15 E Uwchlan Ave #408, Exton, PA 19341, USA",https://philadelphia.sila.com/?utm_source=google&utm_medium=organic,https://www.delcotechdivision.com/
+16104446002,Sinton Air Conditioning & Heating Inc.,"316 State St suite c, Kennett Square, PA 19348, USA",http://sintonair.com/,https://www.delcotechdivision.com/
+16103889333,Chadds Ford Climate Control,"816 E Baltimore Pike, Kennett Square, PA 19348, USA",https://www.chaddsfordclimatecontrol.com/,https://www.delcotechdivision.com/
+17173470410,Topline Heating & Air,"5051 Horseshoe Pike, Honey Brook, PA 19344, USA",https://toplineair.com/services/air-conditioning-repair-honeybrook-pa/?utm_campaign=gmb,https://www.delcotechdivision.com/
+14849698666,Express,"812 Lancaster Ave, Berwyn, PA 19312, USA",https://expresshvacrepair.online/,https://www.delcotechdivision.com/
+12159346700,"Christian Heating, Cooling, Plumbing, & Electrical","54 E Oakland Ave Suite 1A, Doylestown, PA 18901, USA",https://www.christianhvac.com/?utm_source=google-gbp&utm_medium=organic&utm_campaign=*418*christian-doylestown,https://www.delcotechdivision.com/
+12156645796,"Christian Heating, Cooling, Plumbing and Electrical","1320 Industrial Blvd, Southampton, PA 18966, USA",https://www.christianhvac.com/?utm_source=google-gbp&utm_medium=organic&utm_campaign=*066*christian-heating-air-southampton,https://www.delcotechdivision.com/
+12153480844,Doylestown Air,"6907A Easton Rd, Pipersville, PA 18947, USA",http://www.doylestownair.com/,https://www.delcotechdivision.com/
+12156470688,Family Heating & Air Conditioning,"196 W Ashland St, Doylestown, PA 18901, USA",http://familyhvac.com/,https://www.delcotechdivision.com/
+12673564822,All Things HVAC,"4343 Southview Ln, Doylestown, PA 18902, USA",https://allthingshvac.online/?utm_source=google&utm_medium=organic&utm_campaign=seolocale,https://www.delcotechdivision.com/
+12157918726,Service First Heating & Air Conditioning,"201 S Lincoln Ave, Newtown, PA 18940, USA",https://www.servicefirsthvac.com/?utm_campaign=gmb,https://www.delcotechdivision.com/
+12672552553,Goldstar Heating & Cooling,"758 Second Street Pike, Southampton, PA 18966, USA",https://goldstarphilla.com/,https://www.delcotechdivision.com/
+12672143094,Ray's Heating and Air,"1790 Langhorne Yardley Rd Suite 204, Yardley, PA 19067, USA",https://rayscomfort.com/?utm_campaign=gmb,https://www.delcotechdivision.com/
+12672974042,CDO Heating and Air Inc.,"1317 Second Street Pike, Richboro, PA 18954, USA",https://cdohvac.com/?utm_campaign=gmb,https://www.delcotechdivision.com/
+12154788255,Carney All Seasons,"1100 Industrial Blvd, Southampton, PA 18966, USA",https://www.carneyallseasons.com/?utm_source=google&utm_medium=gbp&utm_campaign=gbp-southampton-pa,https://www.delcotechdivision.com/
+12159298332,"Dowd Mechanical, Heating & Air Conditioning Inc","1327 Adams Rd STE F, Bensalem, PA 19020, USA",http://dowdhvac.com/?utm_source=google&utm_medium=organic&utm_campaign=GMBListing-Bensalem-PA,https://www.delcotechdivision.com/
+12672271109,Dilling Heating & Cooling,"3494 Progress Dr B, Bensalem, PA 19020, USA",https://dillinghvac.com/?utm_source=gmb&utm_medium=organic&utm_campaign=gmb,https://www.delcotechdivision.com/
+12156881093,Jackson Mechanical LLC HVAC,"3442 Binny Rd, Doylestown, PA 18902, USA",https://jacksonmechanicalllc.com/,https://www.delcotechdivision.com/
+12154997155,Qualitech Heating and Cooling LLC,"1001 Bristol Pike Unit B Unit B, Bensalem, PA 19020, USA",http://www.qualitechair.com/,https://www.delcotechdivision.com/
+12159646683,Drew's Crew Heating & Air LLC,"12 Penns Trail, Newtown, PA 18940, USA",https://drewscrew.net/,https://www.delcotechdivision.com/
+12154540001,Home Rangers LLC,"667 Mary St, Warminster, PA 18974, USA",https://www.callhomerangers.com/?utm_source=google&utm_medium=organic&utm_campaign=gbp,https://www.delcotechdivision.com/
+16105655444,Angel Heating & Cooling,"1810 Mearns Rd, Warminster, PA 18974, USA",https://www.angelhvac.com/,https://www.delcotechdivision.com/
+12153648860,7 Sons Air Conditioning Heating Company,"968 Easton Rd suite f, Warrington, PA 18976, USA",http://7sonshvac.com/,https://www.delcotechdivision.com/
+12156744001,M. J. Mac Inc.,"48 Vincent Cir Unit D, Ivyland, PA 18974, USA",http://www.mjmac.com/,https://www.delcotechdivision.com/
+12673930312,Perfect Temp Mechanical,"576 W Bristol Rd, Warminster, PA 18974, USA",http://www.perfecttempmechanical.net/,https://www.delcotechdivision.com/
+12679305329,Hughes Heating & Air Conditioning,"1907 Pennsylvania Ave, Croydon, PA 19021, USA",https://www.hughesheatacpa.com/,https://www.delcotechdivision.com/
+12676997176,Family Heating & Air Conditioning,"41 University Dr, Newtown, PA 18940, USA",https://familyhvac.com/,https://www.delcotechdivision.com/
+12152453200,ECI Comfort,"1115 W Gillam Ave, Langhorne, PA 19047, USA",http://www.ecicomfort.com/,https://www.delcotechdivision.com/
+12157520211,"Aire Pure ,Inc. Heating & Air conditioning","1080 Old Lincoln Hwy, Langhorne, PA 19047, USA",,https://www.delcotechdivision.com/
+12679050969,Xtreme Mechanical,"97 Ridge Rd STE L, Telford, PA 18969, USA",https://www.xtrememechanicalhvac.com/?utm_source=google&utm_medium=organic&utm_campaign=gbp,https://www.delcotechdivision.com/
+16093739707,AAC Heating & Cooling,"6 Penns Trail, Newtown, PA 18940, USA",https://aacheatingandcoolingservices.com/,https://www.delcotechdivision.com/
+18885463464,Infinite Mechanical LLC,"402 Avenue B, Horsham, PA 19044, USA",http://infinitemechanical.services/,https://www.delcotechdivision.com/
+12154282674,"BOSH Home Solutions, LLC","3010 Windy Bush Rd, New Hope, PA 18938, USA",https://bosh1.com/,https://www.delcotechdivision.com/
+12678156344,"MC Heating, Cooling, Electrical","3 Hulme Ave, Hulmeville, PA 19047, USA",,https://www.delcotechdivision.com/
+12153226884,"Central Plumbing, Heating & Air Conditioning","950 Industrial Blvd, Southampton, PA 18966, USA",https://centralplumbinghvac.com/,https://www.delcotechdivision.com/
+12155719471,"Air Dynamics HVAC, LLC","3901 Nebraska St Suite A, Newportville, PA 19056, USA",http://www.airdynamicscares.com/,https://www.delcotechdivision.com/
+12159149149,"Dowd Mechanical, Heating & Air Conditioning Inc","2515 Easton Rd, Hatboro, PA 19040, USA",https://www.dowdhvac.com/?utm_source=google&utm_medium=organic&utm_campaign=GMBListing-Hatboro-PA,https://www.delcotechdivision.com/
+12676510570,"Patriot Heating, Air & Fuel Oil","2437 Durham Rd, Bristol, PA 19007, USA",https://callpatriotheating.com/?utm_source=gbp&utm_medium=organic&utm_campaign=gbp.bristol,https://www.delcotechdivision.com/
+12157023970,Nu-Temp Heating & Cooling,"4009A Brownsville Rd, Feasterville-Trevose, PA 19053, USA",https://www.nutemphvac.com/,https://www.delcotechdivision.com/
+16093864658,Harris Comfort,"350 S Chancellor St, Newtown, PA 18940, USA",http://www.harriscomfort.com/,https://www.delcotechdivision.com/
+12676809885,Airco Heating & Cooling LLC,"1 Quarry Ln, Upper Black Eddy, PA 18972, USA",https://aircoheatingandcoolingube.com/,https://www.delcotechdivision.com/
+12159444400,John Air,"2049 Stout Dr unit b-3, Warminster, PA 18974, USA",,https://www.delcotechdivision.com/
+12159454833,JC Heating & Cooling,"181 Fallsington-Tullytown Rd, Levittown, PA 19054, USA",https://www.jcheat.com/?utm_source=google&utm_medium=organic&utm_campaign=gbp,https://www.delcotechdivision.com/
+12158520800,Air Changes Heating & Cooling LLC,"780 Bristol Pike Rear, Bensalem, PA 19020, USA",https://www.airchangeshvac.com/,https://www.delcotechdivision.com/
+12159009534,Comfort Zone HVAC,"85 Tomlinson Rd Unit B, Huntingdon Valley, PA 19006, USA",https://www.comfortzone247.com/our-services,https://www.delcotechdivision.com/
+12156725399,Tennett HVAC,"18 Harding Ave, Hatboro, PA 19040, USA",,https://www.delcotechdivision.com/
+18565038127,Air Dynamics HVAC Of South Jersey,"29 Blue Jay Dr, Clementon, NJ 08021, USA",https://www.airdynamicshvacllc.com/,https://www.delcotechdivision.com/
+18562571092,D’Auria & Son Heating and Air,"26 Evergreen Ave, Blackwood, NJ 08012, USA",https://dauriahvac.com/,https://www.delcotechdivision.com/
+18566992425,Cocoxex HVAC Solutions Camden,"1494 Mt Ephraim Ave, Camden, NJ 08104, USA",,https://www.delcotechdivision.com/
+18564179659,Heating and Cooling,"2402 Federal St, Camden, NJ 08105, USA",,https://www.delcotechdivision.com/
+18562633002,Fresh Air Flow,"2070 Springdale Rd Unit 200, Cherry Hill Township, NJ 08003, USA",https://freshairflowhvac.com/,https://www.delcotechdivision.com/
+18564499288,Andrew's Heating and Air,"21 Norcross Rd, Gibbsboro, NJ 08026, USA",https://andrewshvacservices.com/,https://www.delcotechdivision.com/
+18562086125,Laury Heating Cooling & Plumbing,"923 Haddonfield Rd, Cherry Hill Township, NJ 08002, USA",https://lauryheating.com/,https://www.delcotechdivision.com/
+18563151651,"Professor Gatsby's Heating, Cooling & Plumbing","216 Cooper Rd, Berlin Township, NJ 08091, USA",http://www.profgatsby.com/,https://www.delcotechdivision.com/
+18562494700,"Hutchinson - Air Conditioning, Heating, Plumbing & Electrical","621 Chapel Ave E, Cherry Hill Township, NJ 08034, USA",https://www.hutchbiz.com/?utm_source=google&utm_medium=gbp&utm_campaign=HUT0100-WEB009-GBP&utm_crid=HUT0100_WEB009_204327559,https://www.delcotechdivision.com/
+18564800605,Heating & Air Conditioning,"31-33 S Center St, Merchantville, NJ 08109, USA",,https://www.delcotechdivision.com/
+18564678500,"Dormann's Heating & Cooling, LLC","265 N Wolfert Station Rd, Mickleton, NJ 08056, USA",https://dormannsheatingandcooling.com/?utm_source=google-business-listing&utm_medium=organic&utm_campaign=website-button,https://www.delcotechdivision.com/
+18567182786,Breylin Heating & Air Conditioning,"6 Andrews Ct, Berlin, NJ 08009, USA",https://www.breylinhvac.com/?utm_source=google&utm_medium=organic&utm_campaign=gmb_profile,https://www.delcotechdivision.com/
+18567670422,"CBM Heating & Air Conditioning, LLC","37 Haddon Ave, West Berlin, NJ 08091, USA",https://www.cbmheatingandair.com/,https://www.delcotechdivision.com/
+18564292129,Charles F Ober & Son Heating and Air Conditioning,"404 S Burnt Mill Rd, Voorhees Township, NJ 08043, USA",https://www.oberhvac.com/,https://www.delcotechdivision.com/
+18562148018,Campbell Comfort Systems,"1049 Kings Hwy, West Deptford, NJ 08086, USA",https://www.campbellcomfortsystems.com/?utm_source=google&utm_medium=gbp&utm_campaign=HUT0101-WEB009-GBP&utm_crid=HUT0101_WEB009_205620843,https://www.delcotechdivision.com/
+18562594860,Cardwell HVAC & Plumbing,"603 Kresson Rd #11, Cherry Hill Township, NJ 08034, USA",https://www.cardwellhvacnj.com/,https://www.delcotechdivision.com/
+18564231400,"Maxie Heating & Cooling, LLC","175 W Cohawkin Rd, Clarksboro, NJ 08020, USA",https://www.maxieheating.com/,https://www.delcotechdivision.com/
+15513635649,James B Ryan Heating & AC Inc,"1830 Federal St, Camden, NJ 08105, USA",,https://www.delcotechdivision.com/
+18565460172,E Carr Heating & Cooling,"1321 Keswick Ave, Haddon Heights, NJ 08035, USA",,https://www.delcotechdivision.com/
+18565282822,Allied Experts Heating & Air Conditioning,"100 Dobbs Ln, Cherry Hill Township, NJ 08034, USA",http://www.alliedexperts.com/?utm_source=GBP&utm_medium=organic,https://www.delcotechdivision.com/
+18563442027,Focus HVAC,"7 Pennsylvania Ave, Stratford, NJ 08084, USA",http://www.focus-hvac.com/,https://www.delcotechdivision.com/
+18569339300,John's A-C & Heat,"1369 Delsea Dr, Deptford, NJ 08096, USA",https://johnsac.com/,https://www.delcotechdivision.com/
+18566663497,"Harris Plumbing, Heating, Air & Electrical","38 Cooper St #204, Woodbury, NJ 08096, USA",http://callharrisnow.com/?utm_source=google&utm_medium=gbp-nj&se_campaign=GBP%20-%20South%20Jersey,https://www.delcotechdivision.com/
+18568884695,"Jersey Boys Plumbing, Heating, and Air","227 S White Horse Pike, Audubon, NJ 08106, USA",https://jerseyboysplumbing.com/service-area/audubon/,https://www.delcotechdivision.com/
+16305388920,Davis Heating & Air,"1916 Old Cuthbert Rd Suite B21, Cherry Hill Township, NJ 08034, USA",https://davisheatingair.com/?utm_source=gbp&utm_medium=organic&utm_campaign=cherry_hill_gbp,https://www.delcotechdivision.com/
+18569002260,Doctor HVACR Electrical & Plumbing,"2060 Fairfax Ave Unit K, Cherry Hill Township, NJ 08003, USA",,https://www.delcotechdivision.com/
+18566186781,Instant Services,"177 S Black Horse Pike, Blackwood, NJ 08012, USA",https://instantservices.com/?utm_source=google&utm_medium=organic&utm_campaign=GMBListing-Blackwood-NJ,https://www.delcotechdivision.com/
+18565801706,Tracy Comfort Solutions HVAC,"111 Parry Rd, Cinnaminson, NJ 08077, USA",https://tracycomforthvac.com/,https://www.delcotechdivision.com/
+18567227003,Mount Laurel Heating and Cooling,"7 Sherwood Ave, Mt Laurel Township, NJ 08054, USA",https://www.mtlaurelhvac.com/,https://www.delcotechdivision.com/
+18566270815,CarrFord Heating & Air Conditioning,"624 Clements Bridge Rd, Barrington, NJ 08007, USA",https://carrford.com/,https://www.delcotechdivision.com/
+18562174920,Lamb Heating & Air Conditioning,"1010 Rose Ave Unit D, Runnemede, NJ 08078, USA",https://lambhvac.com/?cid=glbc&utm_source=google&utm_medium=organic&utm,https://www.delcotechdivision.com/
+18564017737,Instant Air LLC,"1423 Jarvis Rd, Sicklerville, NJ 08081, USA",https://instant-air.com/,https://www.delcotechdivision.com/
+18563150007,"Professor Gatsby's Heating, Cooling & Plumbing","498 Radix Rd, Williamstown, NJ 08094, USA",https://www.profgatsby.com/,https://www.delcotechdivision.com/
+18566654545,McAllister Energy,"7116 Park Ave, Pennsauken, NJ 08109, USA",https://www.mcallisterenergy.com/,https://www.delcotechdivision.com/
+18566270303,Vaughan Comfort Services,"212 Barrett Ave, Magnolia, NJ 08049, USA",https://www.vaughanhvac.com/?utm_source=google&utm_medium=organic&utm_campaign=gmb-listing,https://www.delcotechdivision.com/
+18563171750,"Alber Service Company (HVAC, Air sealing and Insulation) South Jersey","7300 N Crescent Blvd building 15, Pennsauken, NJ 08110, USA",http://www.alberservice.com/,https://www.delcotechdivision.com/
+18569319231,G&G Mechanical contractors inc.,"765 Devenney Dr, Bellmawr, NJ 08031, USA",http://gandgmechanical.com/,https://www.delcotechdivision.com/
+18562907318,SPS Mechanical Inc.,"68 Paulsboro Rd #1, Woolwich Township, NJ 08085, USA",https://www.spsmechanical.com/?utm_source=gmb&utm_medium=organic,https://www.delcotechdivision.com/
+18567836600,Atmostemp Service Experts,"215 Old Egg Harbor Rd Ste B, West Berlin, NJ 08091, USA",https://www.atmostempheating.com/?utm_source=google-business-profile&utm_medium=organic&utm_campaign=business-listing&utm_content=atmostemp,https://www.delcotechdivision.com/
+18566995872,A.M. Botte Residential & Commercial HVAC & Plumbing,"630 Delsea Dr, Sewell, NJ 08080, USA",https://ambotte.com/?utm_source=gbp&utm_medium=organic&utm_campaign=sewell_gbp,https://www.delcotechdivision.com/
+18562284363,Eugene Adams Heating And Air Conditioning,"563 Berlin - Cross Keys Rd Unit B, Sicklerville, NJ 08081, USA",https://eugeneadams.com/,https://www.delcotechdivision.com/
+16093322900,Alpha Mechanical Heating and Cooling,"142 Tom Wells Rd, Berlin, NJ 08009, USA",http://www.myalphamechanical.com/,https://www.delcotechdivision.com/
+18565973655,"JAMCO Heating & Air Conditioning, INC","1000 Delsea Dr bldg i-1, Deptford, NJ 08093, USA",http://www.jamcoheatingandair.com/?utm_source=google&utm_medium=organic&utm_campaign=GMBListing-Deptford-NJ,https://www.delcotechdivision.com/
+18569068626,"LMS Heating, Ventilation, Air Conditioning and Refrigeration","76 Annapolis Dr, Sicklerville, NJ 08081, USA",,https://www.delcotechdivision.com/
+18566963052,ALL American Plumbing Hvac LLC,"1040 Industrial Dr STE 12, West Berlin, NJ 08091, USA",,https://www.delcotechdivision.com/
+18003241049,South Jersey Energy Service Plus,"420 N 2nd Rd Unit 1, Hammonton, NJ 08037, USA",https://www.homeservesj.com/?utm_source=GBP&utm_medium=organic&utm_campaign=GBP-website,https://www.delcotechdivision.com/
+18563713853,"Richard's Heating & Cooling, LLC","408 Temple Ave, Woodbury Heights, NJ 08097, USA",https://www.facebook.com/richardsheatingandcooling/,https://www.delcotechdivision.com/
+18006497669,Comfortworks Cooling and Heating,"154 Cooper Rd STE 403, West Berlin, NJ 08091, USA",https://comfortworksllc.com/,https://www.delcotechdivision.com/
+18567545802,"Horizon Services - Air Conditioning, Heating, Plumbing, & Electrical","17 Roland Ave, Mt Laurel Township, NJ 08054, USA",https://www.horizonservices.com/?utm_source=google&utm_medium=gbp&utm_campaign=HZN0400-WEB009-GBP&utm_crid=HZN0400_WEB009_3124903127,https://www.delcotechdivision.com/
+18563259719,Price's Plumbing Heating & Air Conditioning,"3747 Church Rd UNIT 104, Mt Laurel Township, NJ 08054, USA",http://www.countonprice.com/,https://www.delcotechdivision.com/
+18568294985,Ward Heating and Cooling,"10 Broad St, Riverton, NJ 08077, USA",https://www.wardheatingandair.com/,https://www.delcotechdivision.com/
+16094186845,"Fante's Home Services Heating, Cooling, Plumbing & Electrical","35 Charleston Rd, Willingboro, NJ 08046, USA",https://fantesphvac.com/?utm_source=google-gbp&utm_medium=organic&utm_campaign=*094*fantes-plumbing-willingboro,https://www.delcotechdivision.com/
+18564548925,Bovio Rubino Service,"1255 Haddonfield-Berlin Rd, Voorhees Township, NJ 08043, USA",https://www.bovio-rubino.com/,https://www.delcotechdivision.com/
+18562120787,All Sevice HVAC Pros,"2145 NJ-38, Cherry Hill Township, NJ 08002, USA",,https://www.delcotechdivision.com/
+18568587858,D. Burgo Plumbing & Heating Inc.,"1026 Haddon Ave, Collingswood, NJ 08108, USA",https://dburgoplumbing.com/,https://www.delcotechdivision.com/
+18562289400,Bob's Climate Control,"7 Jones Ln, Sicklerville, NJ 08081, USA",https://bobsclimatecontrol.com/,https://www.delcotechdivision.com/
+18566691092,"Fox Mechanical, LLC Heating & Air Conditioning","705 N Church St, Moorestown, NJ 08057, USA",https://www.hvacbyfox.com/,https://www.delcotechdivision.com/
+18567182448,AirTemp Heating and Cooling Inc,"47 Raintree Dr, Sicklerville, NJ 08081, USA",,https://www.delcotechdivision.com/
+18569394299,"Runnemede Plumbing, Heating, Cooling, and Electric","39 N Black Horse Pike, Runnemede, NJ 08078, USA",http://www.thebigredr.com/,https://www.delcotechdivision.com/
+18564293388,A&R Heating and Air Conditioning,"303 Austin Ave, Barrington, NJ 08007, USA",https://www.arheatingandairconditioning.com/,https://www.delcotechdivision.com/
+18568324576,J&J Mechanical Inc.,"200 Grove Rd, Paulsboro, NJ 08066, USA",https://jjmechanicalinc.com/,https://www.delcotechdivision.com/
+18566197352,"Jersey Boys Plumbing, Heating, and Air","630 W Broad St, Gibbstown, NJ 08027, USA",http://jerseyboysplumbing.com/?utm_source=gmb&utm_medium=organic,https://www.delcotechdivision.com/
+18568459117,W. B. Steward & Son,"513 Glassboro Rd, Woodbury Heights, NJ 08097, USA",https://wbstewardandson.com/,https://www.delcotechdivision.com/
+18562567700,"Advanced Air Heating & Cooling, Inc.","105 Hurffville-Grenloch Rd, Sewell, NJ 08080, USA",http://advancedairnj.com/,https://www.delcotechdivision.com/
+18564816636,BOVIO RUBINO SERVICE,"101 Summit Ave, Sicklerville, NJ 08081, USA",https://www.bovio-rubino.com/?utm_source=gmb&utm_medium=organic&utm_campaign=gmb_sicklerville,https://www.delcotechdivision.com/
+18563749040,Best Heating and Air Mechanical Contractors LLC,"317 Myrtle Ave, Turnersville, NJ 08012, USA",http://www.mcbestheatingandair.com/,https://www.delcotechdivision.com/
+18562136586,Ambient Comfort,"1790 Gallagher Dr, Vineland, NJ 08360, USA",https://www.ambientcomfortnj.com/,https://www.delcotechdivision.com/
+16096858773,JMS Heating and Cooling,"931 N Main St, Glassboro, NJ 08028, USA",,https://www.delcotechdivision.com/
+16099703608,OES Mechanical LLC,"313 S Black Horse Pike, Blackwood, NJ 08012, USA",,https://www.delcotechdivision.com/
+18563838895,Robert De Angelo Heating & Air Conditioning,"601 Canterbury Ave, Pitman, NJ 08071, USA",http://www.deangeloheatingandairconditioning.com/,https://www.delcotechdivision.com/
+18568485499,Craig's Heating & Cooling LLC,"688 Tanyard Rd, Woodbury, NJ 08096, USA",http://craigsheatingandcoolingllc.com/,https://www.delcotechdivision.com/
+18567187878,"General Service Mechanical, LLC Air Conditioning & Heating","Aura Rd, Glassboro, NJ 08028, USA",https://gsmmechanical.org/,https://www.delcotechdivision.com/
+18562800470,Heating And Air Conditioning,"222 Bridgeton Pike, Mantua Township, NJ 08051, USA",,https://www.delcotechdivision.com/
+18565890559,Friedrich Heating & Air Conditioning,"2015 Glassboro - Cross Keys Rd, Williamstown, NJ 08094, USA",http://friedrichheatingandac.com/,https://www.delcotechdivision.com/
+18564756832,"Anyzek Plumbing, Heating & Cooling","916 Market St, Gloucester City, NJ 08030, USA",https://www.anyzek.com/?utm_source=gmb&utm_medium=organic&utm_campaign=uberall,https://www.delcotechdivision.com/
+18564641145,Johnny's Automatic Heating and AC,"1932 Delsea Dr, Sewell, NJ 08080, USA",,https://www.delcotechdivision.com/
+18563158538,ClimateChoreographer Systems,"400 Arline Ave, Deptford, NJ 08096, USA",,https://www.delcotechdivision.com/
+18562086804,Laury Heating Cooling & Plumbing,"511 E Plum St, Vineland, NJ 08360, USA",https://lauryheating.com/,https://www.delcotechdivision.com/
+18568816212,Accu Service LLC,"826 N Delsea Dr, Clayton, NJ 08312, USA",http://www.accuservicehvac.com/,https://www.delcotechdivision.com/
+18565533727,AirTek Solutions,"325 New Castle Ln, Swedesboro, NJ 08085, USA",https://airtek-solutions.com/,https://www.delcotechdivision.com/
+18568653730,"EnviroSafe Plumbing, Heating, Air Conditioning, Water Treatment","331 Husted Station Rd, Pittsgrove, NJ 08318, USA",https://www.envirosafeusa.com/?utm_source=google&utm_medium=organic&utm_campaign=GMBListing-Pittsgrove-NJ,https://www.delcotechdivision.com/
+18562272122,Enright & Sons,"117 Delsea Dr, Sewell, NJ 08080, USA",http://www.enrightandsons.net/,https://www.delcotechdivision.com/
+12673472657,NextGen Heating and Air Conditioning,"2435 S Bancroft St, Philadelphia, PA 19145, USA",https://www.nextgenhvac.co/,https://www.delcotechdivision.com/
+18569819990,All American Air,"1006 Elmwood Ave, Blackwood, NJ 08012, USA",,https://www.delcotechdivision.com/
+18563581004,"A-TEAM Heating & Air Conditioning, LLC","Area, 522 Burlington Rd, Elmer, NJ 08318, USA",http://ateamhvacnj.com/,https://www.delcotechdivision.com/
+16092322349,Landis Air Conditioning & Heating,"1502 Rancocas Rd, Burlington, NJ 08016, USA",http://www.install-hvac.com/,https://www.delcotechdivision.com/
+16098776659,William C. Fox Heating & Air Conditioning,"5 Terri Ln Suite 14, Burlington Township, NJ 08016, USA",https://www.foxhvac.com/,https://www.delcotechdivision.com/
+16096941234,Jonathan's Plumbing Heating & Air,"70 Stacy Haines Rd Suite 3A, Lumberton Township, NJ 08048, USA",http://jonathansheatingandair.com/,https://www.delcotechdivision.com/
+16092618556,Competitive Heating & Air Conditioning Inc.,"1456 NJ-38, Hainesport, NJ 08036, USA",https://www.competitivehvac.com/,https://www.delcotechdivision.com/
+18563937988,Done Rite Heating & Cooling,"736 Eayrestown Rd, Lumberton Township, NJ 08048, USA",https://www.doneriteheatcool.com/,https://www.delcotechdivision.com/
+16092701247,Conway Comfort Heating & Cooling,"127 US-206 #22, Hamilton Township, NJ 08610, USA","https://www.conwaycomfortnj.com/?utm_source=google&utm_medium=organic&utm_campaign=gmb-profile-eastwindsor,",https://www.delcotechdivision.com/
+16092243835,HOME TECH HVAC LLC,"22 Amara Ln, Westampton Township, NJ 08060, USA",,https://www.delcotechdivision.com/
+16093675955,Advanced Heating & Air L.L.C,"3111 NJ-38 suite 11, Mt Laurel Township, NJ 08054, USA",http://www.advancedairpros.com/,https://www.delcotechdivision.com/
+16099133551,"Kagel's Heating & AC, Inc.","2465 Old York Rd, Bordentown, NJ 08505, USA",https://www.kagelshvac.com/?utm_source=google&utm_medium=gbp&utm_campaign=HZN0401-WEB009-GBP&utm_crid=HZN0401_WEB009_3130197518,https://www.delcotechdivision.com/
+18567870007,"Essential Heating & Air, LLC.","13 Sheffield Ln, Mt Laurel Township, NJ 08054, USA",http://www.essentialhvacr.com/,https://www.delcotechdivision.com/
+18562404703,Burlington Heating & Air Conditioning Inc,"2431 Church Rd, Cherry Hill Township, NJ 08002, USA",,https://www.delcotechdivision.com/
+16095340174,Raynor Services,"401 Pine St, Mt Holly, NJ 08060, USA",https://raynorservices.com/?utm_source=google&utm_medium=organic&utm_campaign=GMBListing-Mount-Holly-NJ,https://www.delcotechdivision.com/
+16092624327,Shamrock Heating and Air Conditioning Inc,"143 Red Lion Rd, Southampton Township, NJ 08088, USA",https://www.shamrock-inc.com/,https://www.delcotechdivision.com/
+16097245848,All Things Mechanical Plumbing Heating & Cooling,"36 Indian Trail, Southampton Township, NJ 08088, USA",http://allthingsmechhvacnj.com/,https://www.delcotechdivision.com/
+16402234564,Martinelli Plumbing & Heating,"4006 Sylon Blvd, Hainesport, NJ 08036, USA",https://www.martinelliplumbing.com/,https://www.delcotechdivision.com/
+16098812429,Home Allegiance Heating and Air,"127 US-206 #29, Hamilton Township, NJ 08610, USA",https://callhomeallegiance.com/?utm_source=google&utm_medium=organic&utm_campaign=gbp-hamilton,https://www.delcotechdivision.com/
+18567763828,Pro-Duct HVAC LLC,"208 Forest Ave, Medford, NJ 08055, USA",,https://www.delcotechdivision.com/
+18567355320,Climate Mechanics,"1322 Bannard St, Cinnaminson, NJ 08077, USA",http://www.climatemechanics.com/?utm_source=google&utm_medium=organic&utm_campaign=local+listings,https://www.delcotechdivision.com/
+16094481273,SG Heating & Air Conditioning LLC,"50 Cunningham Ave, Hamilton Township, NJ 08610, USA",http://www.sghac.com/,https://www.delcotechdivision.com/
+16093224968,Elite Air,"180 Volusia Ave Suite 2, Hamilton Township, NJ 08610, USA",https://www.eliteairinc.com/,https://www.delcotechdivision.com/
+16095520222,Princeton Air Conditioning,"39 Everett Dr #4, Princeton Junction, NJ 08550, USA",http://www.princetonair.com/?utm_campaign=gmb&utm_medium=organic&utm_source=gmblisting,https://www.delcotechdivision.com/
+16093931227,Precision Air Inc,"1035 William St, Hamilton Township, NJ 08610, USA",http://www.precisionairinc-nj.com/,https://www.delcotechdivision.com/
+16099021418,Solarski Mechanical,"390 Mansfield Rd E, Columbus, NJ 08022, USA",https://www.solarskimechanical.com/,https://www.delcotechdivision.com/
+16092001955,"Professor Gatsby's Heating, Cooling & Plumbing","523 Columbus Ave, Trenton, NJ 08611, USA",https://www.profgatsby.com/,https://www.delcotechdivision.com/
+16099213313,Central Jersey Air Conditioning Inc.,"329 Whitehead Rd, Hamilton Township, NJ 08619, USA",http://www.centraljerseyair.com/,https://www.delcotechdivision.com/
+16096653022,AAA Comfort Air,"744 Monmouth Rd, Cream Ridge, NJ 08514, USA",https://fixmyacnj.com/?utm_source=gmb&utm_medium=site,https://www.delcotechdivision.com/
+16092460730,Indoor Air Technologies,"1165 US-130, Robbinsville Twp, NJ 08691, USA",https://indoorairtech.com/?utm_source=google&utm_medium=organic&utm_campaign=gbp,https://www.delcotechdivision.com/
+16097582237,Arctic Heating & Cooling,"321 Jacobstown Cookstown Rd, Wrightstown, NJ 08562, USA",http://arctichc.com/,https://www.delcotechdivision.com/
+18564179991,Air Comfort Heating and Air Conditioning,"415 Hemlock Ln, Mt Laurel Township, NJ 08054, USA",,https://www.delcotechdivision.com/
+18567860010,Parisi Heating & Air Conditioning LLC,"2400 Chestnut Hill Dr, Cinnaminson, NJ 08077, USA",http://www.parisihvac.com/contact-us/,https://www.delcotechdivision.com/
+16092322998,Davis Plumbing,"4491 US-130, Burlington, NJ 08016, USA",https://www.davisplumbingpro.com/?utm_source=gbp&utm_medium=organic&utm_campaign=hcms_gbp_burlington_plumbing,https://www.delcotechdivision.com/
+16093367864,Bill Montross Heating and Air Conditioning,"50 South Dr, East Windsor, NJ 08520, USA",http://billmontrosshvac.ruud-contractor.com/,https://www.delcotechdivision.com/
+16093263504,Burlington Drain Cleaning By Davis Plumbing,"4491 US-130 Suite 1, Burlington, NJ 08016, USA",https://www.davisdraincleaning.com/?utm_source=GBP&utm_medium=organic&utm_campaign=office,https://www.delcotechdivision.com/
+18564081787,5 Star Heating & Cooling LLC,"8008 Rt 130 North #210, Delran, NJ 08075, USA",,https://www.delcotechdivision.com/
+18566628484,Services - West Jersey Air Conditioning & Heating Co.,"5800 Westfield Ave, Pennsauken, NJ 08110, USA",http://www.wjhvac.com/,https://www.delcotechdivision.com/
+18562169135,Therm Ayre Co. LLC,"1435 Marlton Pike East, Cherry Hill Township, NJ 08034, USA",http://www.thermayre.com/,https://www.delcotechdivision.com/
+16097217754,Gray's Heating & Air + American Drain Plumbing,"1220 Mt Holly Rd, Beverly, NJ 08010, USA",,https://www.delcotechdivision.com/
+18569830273,RPM Heating & Air Conditioning Inc.,"17 Cooper Ave, Marlton, NJ 08053, USA",https://rpm-hvac.com/,https://www.delcotechdivision.com/
+13023284822,Maichle's Heating and Air Conditioning,"105 J and M Dr, New Castle, DE 19720, USA",https://maichleshvac.com/,https://www.delcotechdivision.com/
+13024974714,"Air Temp Solutions - AC Repair, Heating Repair, Water Heater Repair & Plumbing Newark DE","211 Lake Dr Suite J, Newark, DE 19702, USA",https://www.airtempandplumbing.com/?utm_source=google&utm_medium=organic&utm_campaign=gbp-newcastle-newark&utm_content=website,https://www.delcotechdivision.com/
+13029478694,"F.H. Furr Plumbing, Heating, Air Conditioning & Electrical","21A Industrial Blvd, New Castle, DE 19720, USA",https://www.fhfurr.com/delmarva-area/?utm_source=google-gbp&utm_medium=organic&utm_campaign=*111*fh-furr-new-castle,https://www.delcotechdivision.com/
+13022725724,Burns & McBride Home Comfort,"18 Boulden Cir Suite 30, New Castle, DE 19720, USA",https://burnsandmcbride.com/?utm_source=GMB&utm_medium=organic,https://www.delcotechdivision.com/
+13024499268,One Hour Heating & Air Conditioning® of Wilmington De,"410 Meco Dr, Wilmington, DE 19804, USA",https://www.onehourheatandair.com/wilmington/?utm_source=organic&utm_medium=GBP&utm_campaign=gbp_main,https://www.delcotechdivision.com/
+13028386905,D&T Heating & Cooling,"2121 Bear Corbitt Rd, Bear, DE 19701, USA",https://www.dtheatingandcooling.com/?utm_source=google&utm_medium=organic&utm_campaign=gbp,https://www.delcotechdivision.com/
+13025291220,Stan Perkoski's Home Services,"1818 Marsh Rd, Wilmington, DE 19810, USA",https://www.leaksnheat.com/,https://www.delcotechdivision.com/
+13022086255,"Horizon Services - Air Conditioning, Heating, Plumbing, & Electrical","320 Century Blvd, Wilmington, DE 19808, USA",https://www.horizonservices.com/?utm_source=google&utm_medium=gbp&utm_campaign=HZN0200-WEB009-GBP&utm_crid=HZN0200_WEB009_3124903084,https://www.delcotechdivision.com/
+13022029742,LIAM Services,"292 Churchmans Rd, New Castle, DE 19720, USA",https://liamsvcs.com/?utm_source=google&utm_medium=organic&utm_term=gbp,https://www.delcotechdivision.com/
+14843475220,Tri Elite Advisors Hvac,"225 7th Ave, Wilmington, DE 19805, USA",http://trieliteadvisors.com/,https://www.delcotechdivision.com/
+13029982257,"Hentkowski, Inc.","3420 Old Capitol Trl, Wilmington, DE 19808, USA",http://www.hentkowski.com/,https://www.delcotechdivision.com/
+13029857656,Triton Services,"600 Madison St, Delaware City, DE 19706, USA",http://www.tritonhelps.com/,https://www.delcotechdivision.com/
+13027503123,Brandywine Heating And Air,"200 Ford Ave, Wilmington, DE 19805, USA",https://www.brandywineheatingandair.com/,https://www.delcotechdivision.com/
+13022085709,Home Comfort Services,"306 Caravel Dr, Bear, DE 19701, USA",https://homecomfortservices.com/,https://www.delcotechdivision.com/
+13026183501,"Harris Plumbing, Heating, Air & Electrical","77 McCullough Dr Suite 5, New Castle, DE 19720, USA",http://callharrisnow.com/?utm_source=google&utm_medium=gbp-de&se_campaign=GBP%20-%20DE,https://www.delcotechdivision.com/
+13025894001,Wilmington Heating and Air Conditioning,"433 S Walnut St, Wilmington, DE 19801, USA",,https://www.delcotechdivision.com/
+14432473151,"Service Today Heating, Air Conditioning, Plumbing and Electrical","108 Carson Dr, Bear, DE 19701, USA",https://www.servicetodayinc.com/?utm_source=google&utm_medium=organic&utm_campaign=GMBListing-Bear-DE,https://www.delcotechdivision.com/
+13026557440,Ace Air Conditioning & Heat,"1020 Foulk Rd, Wilmington, DE 19803, USA",,https://www.delcotechdivision.com/
+13025440125,Air Adviser,"147 Carlotta Dr, Bear, DE 19701, USA",https://airadviserde.com/,https://www.delcotechdivision.com/
+13022467878,Boulden Brothers,"107 Sandy Dr Building 700, Newark, DE 19713, USA",https://bouldenbrothers.com/?utm_source=GBP&utm_medium=organic&utm_campaign=googlebusiness,https://www.delcotechdivision.com/
+13023239600,Johnstone Supply,"10 Commons Blvd, New Castle, DE 19720, USA",https://www.johnstonesupply.com/store408,https://www.delcotechdivision.com/
+13023308409,Aire Serv of Newark DE,"134B Sandy Dr, Newark, DE 19713, USA",https://www.aireserv.com/newark-de/?cid=LSTL_ASV-US000187&utm_source=gmb&utm_campaign=local&utm_medium=organic,https://www.delcotechdivision.com/
+13028361921,Enhanced Heating & Air Conditioning,"68 Albe Dr, Newark, DE 19702, USA",https://www.enhancedheatingandair.net/,https://www.delcotechdivision.com/
+13026006580,High Flow Heating & Air Conditioning,"1305 Kirkwood Hwy, Wilmington, DE 19805, USA",https://www.highflowheatingacrepair.com/wilmington-de/,https://www.delcotechdivision.com/
+13023333518,Bella Casa HVAC-R & Plumbing Inc.,"13 Ridgewood Dr, Hockessin, DE 19707, USA",http://bellacasahvac.com/,https://www.delcotechdivision.com/
+13023787714,Pierce Total Comfort,"21 S Broad St, Middletown, DE 19709, USA",https://www.piercetotalcomfort.com/,https://www.delcotechdivision.com/
+13023848639,Woodrow Services,"1624 Newport Gap Pike Bld #2, Wilmington, DE 19808, USA",http://www.woodrowservices.com/,https://www.delcotechdivision.com/
+13024784585,"Breeding & Day Heating, Cooling, Plumbing & Electrical","3316 Silverside Rd, Wilmington, DE 19810, USA",https://breedingandday.com/,https://www.delcotechdivision.com/
+13028340556,Clark Services Inc.,"900 Julian Ln, Bear, DE 19701, USA",http://www.clarkhvacservices.com/,https://www.delcotechdivision.com/
+13029945786,Joseph Frederick & Sons,"810 Stanton Rd, Wilmington, DE 19804, USA",https://www.jfrederickandsons.com/?utm_source=rsdvm&utm_medium=gmb&utm_campaign=brandawareness&utm_content=,https://www.delcotechdivision.com/
+13026564496,Greenberg Supply Co Inc,"809 E 5th St, Wilmington, DE 19801, USA",https://www.greenbergsupply.com/,https://www.delcotechdivision.com/
+18884822326,Family Heating & Cooling,"11 Hardy Rd, New Castle, DE 19720, USA",,https://www.delcotechdivision.com/
+13023781203,Summit Heating and Air Conditioning LLC,"4361 Dupont Pkwy, Townsend, DE 19734, USA",https://summitcomfort.com/,https://www.delcotechdivision.com/
+13024486823,JB heating and air,"17 Aquilla Ave, New Castle, DE 19720, USA",https://jbheatingandair302.com/,https://www.delcotechdivision.com/
+13025725657,D & T Heating & Cooling,"Newark, DE 19713, USA",https://www.dtheatingandcooling.com/newark/,https://www.delcotechdivision.com/
+13024202146,Strong Heating and Cooling LLC,"209 Deerfield Dr, Middletown, DE 19709, USA",https://www.strongheatingandcoolingllc.com/,https://www.delcotechdivision.com/
+18566281155,Full Service Heating And Air LLC.,"161 N Broadway, Pennsville, NJ 08070, USA",http://www.fullserviceheatingandair.com/,https://www.delcotechdivision.com/
+13029569226,Aire Serv of Middletown,"1100 Industrial Dr Suite 6, Middletown, DE 19709, USA",https://www.aireserv.com/middletown/?cid=LSTL_ASV-US000187&utm_source=gmb&utm_campaign=local&utm_medium=organic,https://www.delcotechdivision.com/
+18055213713,Mill HVAC & Airduct cleaning Iddletown,"11 Wood St, Middletown, DE 19709, USA",,https://www.delcotechdivision.com/
+12153892345,Jarman Sales and Service,"2041 Point Breeze Ave, Philadelphia, PA 19145, USA",https://www.jarmansalesandservice.com/,https://www.delcotechdivision.com/
+12159216102,ACA CONTRACTING LLC,"6045 Catharine St Suite B, Philadelphia, PA 19143, USA",http://acacontractingllc.com/,https://www.delcotechdivision.com/
+16104246447,PJ MAC HVAC Service & Repair,"130 Naudain St #202, Philadelphia, PA 19147, USA",https://pjmachvac.com/naudain-philadelphia-hvac-service/,https://www.delcotechdivision.com/
+12675788360,"Cardullo Mechanical, LLC","703 Christian St, Philadelphia, PA 19147, USA",https://cardullomechanical.com/,https://www.delcotechdivision.com/
+17432498638,Sears Heating and Air Conditioning,"800 Calcon Hook Rd Ste 6, Sharon Hill, PA 19079, USA",https://www.searshomeservices.com/repair/hvac-repair-service?utm_campaign=GMBhomeimprovement&utm_medium=organic&utm_source=GMBlisting&SID=1033898&phone=7432498638,https://www.delcotechdivision.com/
+12157443217,R & R Mechanical Services Inc,"4313 Factory St, Philadelphia, PA 19124, USA",https://www.rrmechanicalhvac.com/local-ductless-hvac-experts-in-philadelphia-bucks-county/,https://www.delcotechdivision.com/
+18562647971,Green Mechanical LLC,"2501 Wharton St, Philadelphia, PA 19146, USA",http://greenmechanicalllc.net/,https://www.delcotechdivision.com/
+12158963665,Mueller Mechanical LLC,"735 Reed St, Philadelphia, PA 19147, USA",https://muellermechanical.com/,https://www.delcotechdivision.com/
+12157430500,Philadelphia Gas & Electric,"4512 Paul St, Philadelphia, PA 19124, USA",http://www.pgecomfort.com/,https://www.delcotechdivision.com/
+12154828800,Summers Quality Services,"8200 Ridge Ave, Philadelphia, PA 19128, USA",https://www.summersquality.com/?utm_source=gmb&utm_medium=organic,https://www.delcotechdivision.com/
+12152819376,Trustco Heating & Air,"10901 Waldemire Dr, Philadelphia, PA 19154, USA",https://www.trustcoheatingandair.com/?utm_source=google&utm_medium=organic&utm_campaign=gbp,https://www.delcotechdivision.com/
+12156886178,Green air heating&cooling,"1203 N 3rd St, Philadelphia, PA 19122, USA",https://www.greenairheatingcooling.com/,https://www.delcotechdivision.com/
+16108425443,Tri-State Heating & Air Conditioning,"2506 S 19th St, Philadelphia, PA 19145, USA",http://www.tristateheatingandairconditioning.com/,https://www.delcotechdivision.com/
+12155155588,Philly AC and Heating,"135 S 18th St #305, Philadelphia, PA 19103, USA",,https://www.delcotechdivision.com/
+12156087070,Hitech Central Air Pennsylvania,"1900 Hamilton St 2nd floor, Philadelphia, PA 19130, USA",https://hitechcentralairpennsylvania.com/,https://www.delcotechdivision.com/
+12155585590,Aktion Air,"653 N 15th St, Philadelphia, PA 19130, USA",http://www.aktionair.com/,https://www.delcotechdivision.com/
+12152201979,Quality Air HVAC Trust,"6641 Upland St, Philadelphia, PA 19142, USA",https://www.qualityairhvac.com/,https://www.delcotechdivision.com/
+12155677700,Green Heating & Cooling Elec,"Philadelphia, PA 19103, USA",https://www.greenhvacair.com/,https://www.delcotechdivision.com/
+12672342240,HVAC central,"2014 Cemetery Ave, Philadelphia, PA 19142, USA",,https://www.delcotechdivision.com/
+12672199145,Heating & Air Conditioning Philadelphia,"3201 W Cheltenham Ave, Philadelphia, PA 19150, USA",,https://www.delcotechdivision.com/
+12673568317,All Time Comfort Heating&Cooling,"8615 Colony Dr, Philadelphia, PA 19152, USA",,https://www.delcotechdivision.com/
+12157221500,Global Services,"7707 Castor Ave, Philadelphia, PA 19152, USA",https://globalservicesnow.com/,https://www.delcotechdivision.com/
+12673768800,Cabrera & Sons Heating & Air Conditioning,"1624 State Rte 4021, Philadelphia, PA 19150, USA",https://cabrerasonsroofingconstruction.com/philadelphia-pa-2/,https://www.delcotechdivision.com/
+12153100116,Cold 1 Services,"2611 E Monmouth St, Philadelphia, PA 19134, USA",https://www.cold1services.com/,https://www.delcotechdivision.com/
+14452879847,Philadelphia Heating & Air Conditioning,"273 S 15th St, Philadelphia, PA 19102, USA",,https://www.delcotechdivision.com/
+12153366010,Jamco Heating & Air Conditioning Inc,"618 Wolf St, Philadelphia, PA 19148, USA",http://www.jamcohvac.com/,https://www.delcotechdivision.com/
+12722463715,Philadelphia Heating and Air Conditioning,"1904 E Passyunk Ave, Philadelphia, PA 19148, USA",,https://www.delcotechdivision.com/
+12152016713,Sullivan's Heating & Cooling,"1062 Oakwood Dr, Glenolden, PA 19036, USA",,https://www.delcotechdivision.com/
+16105441501,Hanly Heating Cooling,"410 W Oak Ln, Glenolden, PA 19036, USA",http://hanlyinc.com/,https://www.delcotechdivision.com/
+16106422060,C & A Heating & Cooling,"2 N Keystone Ave, Upper Darby Township, PA 19082, USA",http://www.caheatingandcooling.com/,https://www.delcotechdivision.com/
+17179708700,Cabrera & Sons Heating & Air Conditioning,"4504 City Ave, Philadelphia, PA 19131, USA",https://cabrerasonsroofingconstruction.com/pittsburgh-pa/,https://www.delcotechdivision.com/
+12156508629,Fast Heating Repair Philadelphia,"1439 Brown St Suite 1, Philadelphia, PA 19130, USA",,https://www.delcotechdivision.com/
+12153235577,"Alternative Air - Heating, Cooling, & Energy","2453 W Gordon St, Philadelphia, PA 19132, USA",,https://www.delcotechdivision.com/
+12159901811,Bellina Heating & Air Conditioning,"614 Wendover St, Philadelphia, PA 19128, USA",https://www.facebook.com/bellinaheatingandair/,https://www.delcotechdivision.com/
+12159433500,Meenan,"8301 Lansdowne Ave, Upper Darby Township, PA 19082, USA",https://www.meenan.com/g/upper-darby-pa,https://www.delcotechdivision.com/
+19802200827,"Len The Plumber Heating & Air, LLC","7 Chelsea Pkwy #709, Boothwyn, PA 19061, USA",https://lentheplumber.com/philadelphia-area/?utm_source=google&utm_medium=organic&utm_campaign=GMBListing-Boothwyn-PA,https://www.delcotechdivision.com/
+12157795731,East Falls Plumbing & Heating,"3431 W Commissioner St, Philadelphia, PA 19132, USA",http://eastfallsplumbing.com/,https://www.delcotechdivision.com/
+12157431755,Best Choice Plumbing & Heating,"2510 Orthodox St, Philadelphia, PA 19137, USA",https://www.bestchoiceplumbingandheating.com/,https://www.delcotechdivision.com/
+12157281482,Bill Frusco Plumbing Heating and Air Conditioning,"8675 Torresdale Ave, Philadelphia, PA 19136, USA",https://www.billfrusco.com/,https://www.delcotechdivision.com/
+12154822969,"Roger Ross Plumbing & Heating, Inc","Storefront, 4260 Manayunk Ave, Philadelphia, PA 19128, USA",http://www.rogerrossplumbing.com/,https://www.delcotechdivision.com/
+12678041824,John Snyder Plumbing & Heating,"5112 Umbria St, Philadelphia, PA 19128, USA",https://www.johnsnyderplumbingheating.com/?utm_source=google&utm_medium=organic&utm_campaign=gbp,https://www.delcotechdivision.com/
+12677192354,Plumbing Pals,"2424 E York St Suite 100-B, Philadelphia, PA 19125, USA",https://www.economydrainclean.com/?utm_source=google&utm_medium=organic&utm_campaign=gmb-profile-philadelphia,https://www.delcotechdivision.com/
+12676052968,Pristine Plumbing & Heating LLC | Philadelphia Plumbers | Best Plumbers in Philadelphia,"125 Montgomery Ave B3, Bala Cynwyd, PA 19004, USA",http://www.plumberinphilly.com/,https://www.delcotechdivision.com/
+12675862809,Do it right Plumbing 610,"114 Ridge Ave, Darby, PA 19023, USA",http://www.doitrightplumbing610.com/,https://www.delcotechdivision.com/
+12677484314,Boss Plumbing & Heating,"259 W Johnson St, Philadelphia, PA 19144, USA",https://www.bossplumbingheating.com/,https://www.delcotechdivision.com/
+12152733725,Guaranteed Plumbing & Heating,"900 Cottman Ave, Philadelphia, PA 19111, USA",https://www.guaranteedplumbingandheating.com/,https://www.delcotechdivision.com/
+12159187041,City Plumbing,"3383 Miller St, Philadelphia, PA 19134, USA",https://www.mycityplumbing.com/?utm_source=google&utm_medium=organic&utm_campaign=gmb-profile-philadelphia,https://www.delcotechdivision.com/
+12678266578,Greater Works Plumbing,"744 South St #957, Philadelphia, PA 19147, USA",https://www.gworksplumbing.com/,https://www.delcotechdivision.com/
+12152797789,Pasquarello Plumbing and Heating,"2421 S 17th St, Philadelphia, PA 19145, USA",,https://www.delcotechdivision.com/
+12676008159,Aqua Plumbing & Heating LLC,"2534 Orthodox St, Philadelphia, PA 19137, USA",http://aquaplumbingandheatingllc.com/,https://www.delcotechdivision.com/
+12675798092,Generation Plumbing Company LLC,"2016 N 61st St, Philadelphia, PA 19151, USA",https://www.gpcllc.net/,https://www.delcotechdivision.com/
+12153647775,Goodman Plumbing,"8015 Castor Ave, Philadelphia, PA 19152, USA",https://www.goodmanplumbers.com/,https://www.delcotechdivision.com/
+14844364190,Precision Plus Plumbing,"1844 N 54th St, Philadelphia, PA 19131, USA",https://www.precisionserviceexperts.com/,https://www.delcotechdivision.com/
+12156737700,Joseph's Affordable Plumbing and Heating,"106 Cedar Rd, McKinley, PA 19027, USA",http://josephsaffordable.com/,https://www.delcotechdivision.com/
+16102813800,Done Right Plumbing & Heating,"1112 Alcott St, Philadelphia, PA 19149, USA",http://donerightplumbingheating.com/?utm_source=omg-gbp&utm_medium=webclick,https://www.delcotechdivision.com/
+12676312370,Bill Frusco Plumbing Heating and Air Conditioning,"513 Horsham Rd, Horsham, PA 19044, USA",https://www.billfrusco.com/,https://www.delcotechdivision.com/
+12154710346,MAS Plumbing & Heating Co,"5540 Angora Terrace, Philadelphia, PA 19143, USA",,https://www.delcotechdivision.com/
+16106629122,M. D. Mason Plumbing & Heating LLC,"212 Nassau Blvd, Prospect Park, PA 19076, USA",http://www.mdmasonplumbing.com/,https://www.delcotechdivision.com/
+16108531100,"Charles B. Gans Plumbing, Heating & Air Conditioning","2418 Grasslyn Ave, Havertown, PA 19083, USA",http://gansplumbing.com/,https://www.delcotechdivision.com/
+16105655645,Gartland Plumbing & Heating,"204 Bortondale Rd, Media, PA 19063, USA",http://gartlandplumbing.com/,https://www.delcotechdivision.com/
+12152798975,Lowe's Air Duct Cleaning,"525 S 4th St #368, Philadelphia, PA 19147, USA",https://lowesair.com/pennsylvania/philadelphia/?utm_source=google&utm_medium=organic&utm_campaign=gmb-philadelphia-pa,https://www.delcotechdivision.com/
+12677688280,Robert & Sons Air Duct Cleaning,"444 N 4th St Suite 119, Philadelphia, PA 19123, USA",http://robertnsonsairduct.com/,https://www.delcotechdivision.com/
+12156678555,NEO Duct Cleaning,"914 Snyder Ave, Philadelphia, PA 19148, USA",https://neoductcleaning.com/,https://www.delcotechdivision.com/
+16104246277,PJ MAC Air Duct Cleaning,"7708 City Ave #206, Philadelphia, PA 19151, USA",https://pjmachvac.com/city-ave-philadelphia-hvac-service/,https://www.delcotechdivision.com/
+12156084902,Urban Air Duct Cleaning,"2101 Washington Ave, Philadelphia, PA 19146, USA",http://urbanairductcleaning.com/,https://www.delcotechdivision.com/
+14842091003,The air duct cleaning pros,"942 Montgomery Ave, Narberth, PA 19072, USA",https://theairductcleaningcompany.org/,https://www.delcotechdivision.com/
+12158393655,Easy Breeze Air Duct Specialists,"158 W Chelten Ave, Philadelphia, PA 19144, USA",,https://www.delcotechdivision.com/
+12158838497,Spark Air Duct Experts,"1013 N 2nd St, Philadelphia, PA 19123, USA",,https://www.delcotechdivision.com/
+12154844243,Clear Air Duct Systems,"5346 Wayne Ave, Philadelphia, PA 19144, USA",https://sites.google.com/view/clearsweepsystems/home,https://www.delcotechdivision.com/
+12152740946,Hilltop Duct Cleaning,"40 W Evergreen Ave, Philadelphia, PA 19118, USA",http://hilltopductcleaning.com/,https://www.delcotechdivision.com/
+12156190308,A Plus Cleaning Services,"805 Red Lion Rd Apt C17, Philadelphia, PA 19115, USA",https://ductworkservice.com/,https://www.delcotechdivision.com/
+12153685501,"SelectPro, LLC - Air Duct Cleaning","1005 Pontiac Rd #372, Drexel Hill, PA 19026, USA",https://www.selectprollc.com/selectpro-llc-residential-and-commercial-air-duct-cleaning-services-ardmore-pa-19003-havertown-pa-19083.html,https://www.delcotechdivision.com/
+12153603281,Your Duct Guy of Philadelphia Since 2006,"3455 Street Rd Hopkinson #1, Bensalem, PA 19020, USA",http://www.yourductguy.com/,https://www.delcotechdivision.com/
+18002110034,Induct Industries Inc.,"5804 Chestnut St, Philadelphia, PA 19139, USA",https://www.inductclean.com/,https://www.delcotechdivision.com/
+12159187731,Total Flow Air Duct Pros,"524 E Courtland St, Philadelphia, PA 19120, USA",,https://www.delcotechdivision.com/
+14846652265,"T&S Dryer Vent Cleaning of Yeadon, PA","Yeadon Ave, Yeadon, PA 19050, USA",,https://www.delcotechdivision.com/
+12159388471,Clean Air Property Solutions,"201 York Rd Suite 1 - 429, Jenkintown, PA 19046, USA",http://www.cleanairpropertysolutions.com/,https://www.delcotechdivision.com/
+14845141212,PHILADELPHIA DUCT CLEANING CO.,"219 Wynnewood Ave, Lansdowne, PA 19050, USA",,https://www.delcotechdivision.com/
+12155150677,Experts Duct Cleaning,"118 County Line Rd, Huntingdon Valley, PA 19006, USA",https://experts-ductcleaning.com/locations/pa/air-duct-cleaning-huntingdon-valley/,https://www.delcotechdivision.com/
+12232426302,"Your Dryer Vent Cleaning Services Philadelphia, PA","1806 72nd Ave, Philadelphia, PA 19126, USA",,https://www.delcotechdivision.com/
+12156083064,Breezy Air Duct And Dryer Vent Care,"2350 Castor Ave, Philadelphia, PA 19134, USA",,https://www.delcotechdivision.com/
+16102379700,SERVPRO of South Philadelphia / SE Delaware County,"217 Clifton Ave Suite 9, Collingdale, PA 19023, USA",https://www.servpro.com/locations/pa/servpro-of-south-philadelphia-se-delaware-county?utm_medium=yext&utm_source=gmb,https://www.delcotechdivision.com/
+18563751776,Duct Doctor of Southern New Jersey,"11 Sayer Ave, Cherry Hill Township, NJ 08002, USA",http://www.ductdoctornj.com/,https://www.delcotechdivision.com/
+16105536714,Tribal Air Duct Cleaning,"1344 Edgewood Rd, Havertown, PA 19083, USA",,https://www.delcotechdivision.com/
+18566930059,DryerVentz Duct and Dryer Cleaning Service of South Jersey,"836 Middlesborough Way, Mickleton, NJ 08056, USA",https://dryerventandductcleaningsouthjersey.com/,https://www.delcotechdivision.com/
+12678000207,AAA Clean Air,"9821 Montour St, Philadelphia, PA 19115, USA",https://aaacleanair.com/services,https://www.delcotechdivision.com/
+12157108781,Air Duct Priority & Dryer vent,"1835 Creekview Ln, Jamison, PA 18929, USA",http://airductpriority.com/,https://www.delcotechdivision.com/
+12156218363,Air Duct Masters,"1005 Frankford Ave, Philadelphia, PA 19125, USA",,https://www.delcotechdivision.com/
+18562036503,A Plus Air Duct cleaning,"230 Thomas Ave N, Lawnside, NJ 08045, USA",https://ductworkservice.com/,https://www.delcotechdivision.com/
+16092480202,Your Duct Guy - Professional Air Duct Cleaners Since 2006,"2151 NJ-38 #1206, Cherry Hill Township, NJ 08002, USA",https://www.yourductguy.com/,https://www.delcotechdivision.com/
+12153020250,Urban Help Air Duct Pros,"178 S 12th St, Philadelphia, PA 19107, USA",,https://www.delcotechdivision.com/
+18562811440,SJ Air Duct Cleaning,"1950 NJ-70, Cherry Hill Township, NJ 08003, USA",http://sjairductcleaning.com/,https://www.delcotechdivision.com/
+12672199091,Heating and Cooling Philadelphia,"10050 Roosevelt Blvd, Philadelphia, PA 19116, USA",,https://www.delcotechdivision.com/
+12156607811,pro air duct cleaners,"1715 Rachael St, Philadelphia, PA 19115, USA",,https://www.delcotechdivision.com/
+16103144305,Veterans Duct Cleaning LLC,"14 Crozerville Rd Suite D1, Aston Township, PA 19014, USA",https://veteransduct.com/,https://www.delcotechdivision.com/
+12673019995,T&K Home Phila Air Duct Cleaning & Dryer Vent Cleaning Services,"10871 Bustleton Ave, Philadelphia, PA 19116, USA",,https://www.delcotechdivision.com/
+14843675944,E Cleaning Duct & Vent Cleaning,"555 S Goddard Blvd, King of Prussia, PA 19406, USA",https://ecleaning-duct-vent-cleaning.com/,https://www.delcotechdivision.com/
+17754195313,Air Duct Team,"23 S 38th St, Philadelphia, PA 19104, USA",,https://www.delcotechdivision.com/
+12157128206,Air Vent Masters,"2103 W Hunting Park Ave, Philadelphia, PA 19140, USA",,https://www.delcotechdivision.com/
+12157709727,Draft Line Air Duct Experts,"1356 E Passyunk Ave, Philadelphia, PA 19147, USA",,https://www.delcotechdivision.com/
+18566675151,Ace Duct Cleaning Inc,"423 Commerce Ln Suite 1 Unit 1, West Berlin, NJ 08091, USA",https://www.aceductcleaning.com/,https://www.delcotechdivision.com/
+16106723049,PJ MAC HVAC Air Duct Cleaning,"100 Presidential Blvd #303, Bala Cynwyd, PA 19004, USA",https://pjmachvac.com/presidential-blvd-bala-cynwyd-hvac-service/,https://www.delcotechdivision.com/
+14849955230,Founders Air Care,"990 Fern Hill Rd unit 109, West Chester, PA 19380, USA",https://www.foundersaircare.com/?utm_source=google-gmb-maps&utm_medium=gmb-website-button&utm_campaign=locl.io&utm_content=c28df6c7-3aa9-4eb4-a3cf-c86d8c63cf5d,https://www.delcotechdivision.com/
+12154446809,DUCTZ of DelChester,"37 Industrial Blvd # A, Paoli, PA 19301, USA",https://www.ductz.com/delchester/,https://www.delcotechdivision.com/
+16103625595,Lumora Air Duct,"1554 Garrett Rd, Upper Darby Township, PA 19082, USA",,https://www.delcotechdivision.com/
+18562465040,Just Pure Air Duct Cleaning Services Camden NJ,"3310 Westfield Ave, Camden, NJ 08105, USA",https://justpureairductcleaning.com/,https://www.delcotechdivision.com/
+18562959100,AdvantaClean of Gloucester and Camden Counties,"1595 Imperial Way STE 112, West Deptford, NJ 08066, USA",https://advantaclean.com/mantua-nj/,https://www.delcotechdivision.com/
+18567682021,Stanley Steemer,"7860 Airport Hwy, Pennsauken, NJ 08109, USA",https://www.stanleysteemer.com/locations/NJ/Greater-Philadelphia/Cherry-Hill/617,https://www.delcotechdivision.com/
+16104908655,Lowe's Air Duct Cleaning,"237 W Lancaster Ave #223, Devon, PA 19333, USA",https://lowesair.com/pennsylvania/devon/?utm_source=google&utm_medium=organic&utm_campaign=gmb-devon-pa,https://www.delcotechdivision.com/
+16106723045,PJ MAC HVAC Air Duct Cleaning,"814 Greenwood Ave #101, Jenkintown, PA 19046, USA",https://pjmachvac.com/air-duct-cleaning-service-jenkintown/,https://www.delcotechdivision.com/
+12157090277,Sure Air Duct Pros,"2811 Germantown Ave, Philadelphia, PA 19133, USA",,https://www.delcotechdivision.com/
+12155152699,Form Breeze Air Duct Experts,"107 Green Ln, Philadelphia, PA 19127, USA",,https://www.delcotechdivision.com/
+12675864740,Strickland Dryer Vent Cleaning,"1773 Cherry St, Upper Chichester, PA 19061, USA",https://stricklanddryerventcleaning.wordpress.com/,https://www.delcotechdivision.com/
+16104210246,Quick Clean Air Duct,"621 Edgmont Ave, Chester, PA 19013, USA",,https://www.delcotechdivision.com/
+16104675425,Breezo Air Duct Care Systems,"3709 West Chester Pike, Newtown Square, PA 19073, USA",https://sites.google.com/view/breezocare-systems/home,https://www.delcotechdivision.com/
+14849303606,Clarity Vent And Air Duct Experts,"2 Reservation Trail, Rose Valley, PA 19063, USA",,https://www.delcotechdivision.com/
+16104399422,True Coat Air Ducts,"1937 MacDade Boulevard, Woodlyn, PA 19094, USA",,https://www.delcotechdivision.com/
+16106097855,Smart Air Duct Plus,"1209 Chester Pike, Crum Lynne, PA 19022, USA",,https://www.delcotechdivision.com/
+16104246452,PJ MAC Gutter Cleaning & Air Duct Service,"850 W Lancaster Ave, Bryn Mawr, PA 19010, USA",https://pjmachvac.com/air-duct-cleaning-service-bryn-mawr/,https://www.delcotechdivision.com/
+16107425771,Lint Squad LLC,"481 Concord Rd, Glen Mills, PA 19342, USA",http://www.lintsquad.com/,https://www.delcotechdivision.com/
+14848362120,T&K Air Duct Cleaning & Dryer Vent Cleaning Service II,"3927 Chichester Ave, Boothwyn, PA 19061, USA",,https://www.delcotechdivision.com/
+14842611707,West Chester air duct cleaning,"104 W Gay St, West Chester, PA 19380, USA",https://westchesterairductcleaning.net/,https://www.delcotechdivision.com/
+16104940100,Advanced Air Service Group,"260 Turner Industrial Way, Aston Township, PA 19014, USA",https://www.advancedairservicegroup.com/,https://www.delcotechdivision.com/
+16106386177,True Prime Air Ducts,"399 Lancaster Ave, Haverford, PA 19041, USA",,https://www.delcotechdivision.com/
+16105028495,Bass Cleaning Care,"1101 Sussex Blvd, Broomall, PA 19008, USA",,https://www.delcotechdivision.com/
+16105908323,Fluff Air Duct Workers,"4855 PA-3, Newtown Square, PA 19073, USA",,https://www.delcotechdivision.com/
+16105028901,Park Air Duct & Chimney,"220 Saville Ave, Eddystone, PA 19022, USA",,https://www.delcotechdivision.com/
+16106902000,Fiber Clean,"616 Baltimore Pike # 4, Springfield, PA 19064, USA",http://fiberclean.com/,https://www.delcotechdivision.com/
+14842617003,Conshohocken Duct Cleaning,"18 Elizabeth St, Conshohocken, PA 19428, USA",http://conshohockenairductcleaning.com/,https://www.delcotechdivision.com/
+12232586674,T&K CTM Dryer Vent & Air Duct Cleaning And Chimney Inspection Services LLC,"953 Lancaster Ave, Berwyn, PA 19312, USA",,https://www.delcotechdivision.com/
+14842728843,"Environmental Control Services, Inc.","1232 W Baltimore Pike, Media, PA 19063, USA",https://environmentalcontrolsvcs.com/,https://www.delcotechdivision.com/
+16106365517,"O'Kane Construction, Inc.","2201 Darby Rd, Havertown, PA 19083, USA",,https://www.delcotechdivision.com/
+16104039774,Springfield Green Air,"905 W Sproul Rd, Springfield, PA 19064, USA",,https://www.delcotechdivision.com/
+14842091004,Ducts & Vents Cleaning of Exton,"280 Indian Run St, Exton, PA 19341, USA",http://ductcleaningofexton.com/,https://www.delcotechdivision.com/
+13024459756,"Al Air Duct Cleaning & Dryer Vent Cleaning Services Wilmington, DE","1700 Cherry St, Wilmington, DE 19809, USA",,https://www.delcotechdivision.com/
+16104942293,"D.J. Cross, Inc. Chim Chimney Sweeps","300 S Pennell Rd Building 100, Media, PA 19063, USA",https://www.djcrossinc.com/ourstory/?utm_source=GBP&utm_medium=website_link,https://www.delcotechdivision.com/
+19843175231,Top A Services,"2303 Belmont Ave, Ardmore, PA 19003, USA",https://topaservices.com/,https://www.delcotechdivision.com/
+16105665720,SERVPRO of Media and SERVPRO of Central Delaware County,"119 Springfield Ave, Folsom, PA 19033, USA",https://www.servpro.com/locations/pa/servpro-of-media-and-servpro-of-central-delaware-county?utm_medium=yext&utm_source=gmb,https://www.delcotechdivision.com/
+16109902079,Cygnus Environmental Services,"13 St Albans Cir suite d, Newtown Square, PA 19073, USA",http://cygnusairductcleaning.com/,https://www.delcotechdivision.com/
+12679794517,IFixdit Plumbing & Drains,"1755 N 13th St, Philadelphia, PA 19122, USA",http://www.ifixplumbinganddrains.com/,https://www.delcotechdivision.com/
+12155101697,KCS Plumbing,"3239 W Norris St, Philadelphia, PA 19121, USA",http://www.kcs-plumbing.com/,https://www.delcotechdivision.com/
+12158263077,William & Sons Plumbing,"1614 Chestnut St #4720, Philadelphia, PA 19103, USA",,https://www.delcotechdivision.com/
+12675497430,Drains R Us LLC,"7521 Buist Ave, Philadelphia, PA 19153, USA",http://www.drainsrusphilly.com/,https://www.delcotechdivision.com/
+12676503418,"Daniels Plumbing, Drain Cleaning , Sewer Repair of Philadelphia","5915 Torresdale Ave, Philadelphia, PA 19135, USA",https://daniels-plumbing.com/,https://www.delcotechdivision.com/
+12156888244,Gaceta Plumbing LLC,"114 Richmond St Office F1, Philadelphia, PA 19125, USA",https://www.gacetaplumbing.com/,https://www.delcotechdivision.com/
+12672448867,Philly Plumbing Pros,"4327 N 9th St, Philadelphia, PA 19140, USA",https://phillyplumbingpros.com/?utm_source=GMB&utm_medium=organic,https://www.delcotechdivision.com/
+12152206318,Roto-Rooter Plumbing & Water Cleanup,"2600 S 9th St #1F, Philadelphia, PA 19148, USA",https://www.rotorooter.com/southphiladelphia/?utm_source=Google&utm_medium=organic&utm_campaign=gmb&utm_content=website,https://www.delcotechdivision.com/
+12157555093,My Plumber,"1220 Annin St, Philadelphia, PA 19147, USA",http://myplumberpa.com/?utm_source=omg-gbp&utm_medium=webclick,https://www.delcotechdivision.com/
+12154909618,Philadelphia Plumbing Experts - Repairs & Installations LLC,"1517 W Girard Ave, Philadelphia, PA 19130, USA",https://philadelphiaplumbingrepairs.com/,https://www.delcotechdivision.com/
+14845500890,Master Plumbers USA,"1500 Locust St, Philadelphia, PA 19102, USA",https://masterplumbersusa.com/,https://www.delcotechdivision.com/
+12157877508,McIntosh Plumbing,"7934 Mars Pl, Philadelphia, PA 19153, USA",http://www.mcintosh-plumbing.com/,https://www.delcotechdivision.com/
+16108036851,Advanced Drains And Plumbing Repairs,"118 Baltimore Pike, Springfield, PA 19064, USA",https://www.advanceddrainsandundergroundsolutions.com/,https://www.delcotechdivision.com/
+12153798300,Reliable Plumbing & Drain Cleaning Plumber of Philadelphia,"2 Ryers Ave, Cheltenham, PA 19012, USA",https://reliableplumbinganddraincleaning.com/,https://www.delcotechdivision.com/
+12157689972,Dennis Pratt & Son Plumbing,"2251 S 23rd St, Philadelphia, PA 19145, USA",,https://www.delcotechdivision.com/
+12159104269,Plumbing Philadelphia Co,"317 W Olney Ave #120, Philadelphia, PA 19120, USA",,https://www.delcotechdivision.com/
+12154414145,Roto-Rooter Plumbing & Water Cleanup,"3515 Frankford Ave Unit 1, Philadelphia, PA 19134, USA",https://www.rotorooter.com/philadelphia/?utm_source=Google&utm_medium=organic&utm_campaign=gmb&utm_content=website,https://www.delcotechdivision.com/
+12159547383,Men United Plumbing LLC,"319 S 5th St, Darby, PA 19023, USA",,https://www.delcotechdivision.com/
+12158065004,Boyd's Plumbing and Drain Cleaning,"8500 Lindbergh Blvd. #2109, Philadelphia, PA 19153, USA",http://www.boydsplumbinganddraincleaning.com/,https://www.delcotechdivision.com/
+14844726161,McKenna Plumbing,"68 S Morton Ave, Morton, PA 19070, USA",https://mckennaplumbingandhvac.com/,https://www.delcotechdivision.com/
+12674604006,Plumber Phila,"9744 Chapelcroft St UNIT A, Philadelphia, PA 19115, USA",http://www.plumberphila.com/,https://www.delcotechdivision.com/
+16105835766,Richard Tripler Plumbing Heating,"641 MacDade Blvd, Collingdale, PA 19023, USA",,https://www.delcotechdivision.com/
+12156182289,Point Breeze Plumbing Experts - Repairs & Installations LLC,"2244 Gerritt St, Philadelphia, PA 19146, USA",https://pointbreezeplumbingrepairs.com/,https://www.delcotechdivision.com/
+12676517766,Plumbing Pals,"901 Tennis Ave, Andalusia, PA 19020, USA",https://www.myplumbingpals.com/,https://www.delcotechdivision.com/
+12679398039,Plumbing Problem Solvers,"162 E Essex Ave, Lansdowne, PA 19050, USA",https://delcophillyplumbing.com/,https://www.delcotechdivision.com/
+18553668344,Advanced Drains And Underground Solutions,"122 Baltimore Pike Suite 2R, Springfield, PA 19064, USA",https://www.advanceddrainsandundergroundsolutions.com/?utm_source=google&utm_medium=gbp&utm_campaign=maps,https://www.delcotechdivision.com/
+14849048411,MVP Plumbing,"3703 West Chester Pike, Newtown Square, PA 19073, USA",http://www.callmvpplumbing.com/?utm_campaign=gmb,https://www.delcotechdivision.com/
+14844413275,Legendess Plumbing,"20 Highpoint Dr, Media, PA 19063, USA",https://legendess.com/,https://www.delcotechdivision.com/
+16103222092,The Drain Surgeon,"820 Brooke Ave, Morton, PA 19070, USA",https://delcodrainsurgeon.com/,https://www.delcotechdivision.com/
+16104631828,Forrest Plumbing & Drain,"2 N Chester Pike suite 159, Glenolden, PA 19036, USA",https://forrestplumbingglenolden.com/,https://www.delcotechdivision.com/
+16106157054,Delco Storm & Sewer Services,"25 2nd St, Lansdowne, PA 19050, USA",https://www.delcosewer.com/,https://www.delcotechdivision.com/
+16103282631,"D'Orazio Plumbing, LLC","110A Baltimore Pike #669, Springfield, PA 19064, USA",http://www.dorazioplumbing.com/,https://www.delcotechdivision.com/
+16105792088,Jennings Plumbing & Drain Cleaning,"1 W Turnbull Ave, Havertown, PA 19083, USA",https://jimjenningsplumbing.com/,https://www.delcotechdivision.com/
+14848325566,"Scarpignato Plumbing & Heating, LLC","507 Hastings Ave, Wallingford, PA 19086, USA",http://scarpignatoplumbing.com/,https://www.delcotechdivision.com/
+16107959327,Feehan Plumbing & Heating,"725 West Chester Pike, Havertown, PA 19083, USA",https://www.feehanplumbing.com/,https://www.delcotechdivision.com/
+16107330997,Hayner Plumbing Services,"728 Braxton Rd, Ridley Park, PA 19078, USA",https://haynerplumbingservices.jobbersites.com/,https://www.delcotechdivision.com/
+16108539056,John Luke Plumbing & Heating,"114 W Eagle Rd, Havertown, PA 19083, USA",http://johnlukeplumbing.com/,https://www.delcotechdivision.com/
+14849080250,Profound Flow Drain Cleaning,"10 School Ln Unit 1, Folcroft, PA 19032, USA",,https://www.delcotechdivision.com/
+16109555580,"Cangemi Plumbing & Heating, LLC.","532 Georgetown Rd, Wallingford, PA 19086, USA",http://www.cangemiplumbing.com/,https://www.delcotechdivision.com/
+16105437373,Baxter Plumbing,"307 Lester Rd, Springfield, PA 19064, USA",http://www.rwbaxterplumbing.com/,https://www.delcotechdivision.com/
+14848445571,"Nittany Mechanical, Inc. Plumbing & Heating","1260 E Woodland Ave, Springfield, PA 19064, USA",,https://www.delcotechdivision.com/
+16107341875,J Conley & Sons Plumbing and Heating,"390 Pembroke Ave, East Lansdowne, PA 19050, USA",http://www.jconley.com/,https://www.delcotechdivision.com/
+16104464842,TSQ Plumbing & Heating,"350 Strathmore Rd, Havertown, PA 19083, USA",http://www.tsqplumbing.com/,https://www.delcotechdivision.com/
