name,phone,address,website,rating,reviews,place_id,source
Anvil Remediation & Restoration,(855) 462-6845,"417 N 8th St, Philadelphia, PA 19123, USA",https://anvilanswers.com/?utm_source=google&utm_medium=organic&utm_campaign=gbp,5,182,ChIJXxEoYD-xxokRGegt_FcBrlc,TextSearch(New)+Details(New)
Philly Stucco Remediation,(267) 854-4123,"4434 Salmon St, Philadelphia, PA 19137, USA",,4.6,11,ChIJmVRsb-jk-6YRmnKmBrlCYTM,TextSearch(New)+Details(New)
Stucco Repair Philadelphia,(215) 515-7702,"8342 State Rd., Philadelphia, PA 19136, USA",https://www.stuccorepairphilly.com/,,,ChIJydTy-3K1xokRXLuFABTrsNs,TextSearch(New)+Details(New)
Stucco Today,(215) 300-3388,"506 S Bethlehem Pike, Fort Washington, PA 19034, USA",https://stuccotoday.com/?utm_source=google&utm_medium=organic&utm_campaign=gbp,5,52,ChIJIemBEgm7xokRf_M4bZqwKTk,TextSearch(New)+Details(New)
ProStone Construction LLC,(267) 530-4031,"108 Hilltop Ct, Mullica Hill, NJ 08062, USA",http://www.prostoneconstruction.com/,5,75,ChIJlbUlulLGxokRyTN0Dk3AqKc,TextSearch(New)+Details(New)
Stucco Inspection by Stucco Safe,(610) 601-5856,"1055 Westlakes Dr Fl 3, Berwyn, PA 19312, USA",https://stuccosafe.com/,5,157,ChIJm9aSMBeTxokRGD7it6b2Lag,TextSearch(New)+Details(New)
C&C Stucco & Siding,,"140 Greenwood Ave, Ambler, PA 19002, USA",https://ccplastering.com/,4.8,71,ChIJ6XVz7hW4xokR-flrqWl3Ln8,TextSearch(New)+Details(New)
Local House Painters -Drywall Repairs - Painting Interiors,(484) 612-5522,"353 Brighton Terrace, Holmes, PA 19043, USA",http://pennsylvaniahousepainter.com/,5,26,ChIJ47ZWVlfCxokRSZ5HntmmQL8,TextSearch(New)+Details(New)
Gormley Construction Inc.,(215) 486-1353,"643 Painter St, Media, PA 19063, USA",http://www.gormleyconstructioninc.com/,5,85,ChIJPZW3UgXBxokRwn5p1rLFDcE,TextSearch(New)+Details(New)
Advanced Construction Contractors,(610) 584-1848,"2 Liberty Ave, Eagleville, PA 19403, USA",http://advancedplasteringinc.net/,4.7,23,ChIJmzgAh5KXxokRUzTaXsT6JI4,TextSearch(New)+Details(New)
Stucco Testing Specialists - Stucco Inspections,(610) 994-0287,"1150 1st Ave #525, King of Prussia, PA 19406, USA",http://www.stuccotestingspecialists.com/,4.9,68,ChIJoR2xGRSUxokR4Sb6fcTX-iI,TextSearch(New)+Details(New)
P&P STUCCO and MASONRY LLc,(301) 640-9598,"8300 West Chester Pike, Upper Darby Township, PA 19082, USA",,,,ChIJmQ6rm6gTVAQR5aEe-bn_P_0,TextSearch(New)+Details(New)
"Campos Masonry,Stucco,Siding & concrete",(610) 233-2783,"200 E Dekalb Pike, King of Prussia, PA 19406, USA",https://www.montgomerycountystucco.com/,4.8,20,ChIJP9PqWd2VxokROAaubb6RC58,TextSearch(New)+Details(New)
Hart Contractors,(610) 626-3787,"122 N Highland Ave, Lansdowne, PA 19050, USA",http://www.hartcontractor.com/,,,ChIJw5A8V13BxokRjVKSe8V-UeA,TextSearch(New)+Details(New)
DeMarco General Plastering,(215) 468-0595,"809 W Porter St, Philadelphia, PA 19148, USA",http://demarcoplastering.com/,3.6,10,ChIJw8B1-v3FxokRaLa667ukXRw,TextSearch(New)+Details(New)
Craft Pro Masonry Restoration Inc.,(215) 233-3100,"59 N 3rd St Apt 3D, Philadelphia, PA 19106, USA",https://www.craftpromasonry.com/,4.4,30,ChIJWbrUeYbIxokRsQcqz9P0Eh8,TextSearch(New)+Details(New)
Craft Pro Masonry Restoration Inc,(215) 233-3100,"1322 Washington Ave, Philadelphia, PA 19147, USA",https://craftpromasonry.com/star-bolt-install/,5,8,ChIJmeHKXlbHxokRKmqrClWA-Cs,TextSearch(New)+Details(New)
"Jamison Home Services, LLC",(215) 884-7000,"1429 Ulmer Ave, Oreland, PA 19075, USA",http://www.jamisonhomeservices.com/,4.7,195,ChIJA25EOlq6xokRF8S3w4z1mL8,TextSearch(New)+Details(New)
MCG Construction Inc,(215) 277-3108,"5609-5615 Sprague St, Philadelphia, PA 19138, USA",https://mcgconstructionpa.com/,5,103,ChIJM7iABNyxxokRb_eXemLTYAE,TextSearch(New)+Details(New)
Jara Construction INC,(610) 256-6453,"817 W King Rd, Malvern, PA 19355, USA",http://www.jaraconstructionchestercounty.com/,4.9,237,ChIJOacsD8HyxokRQI119QUIhr8,TextSearch(New)+Details(New)
Stucco Testing Specialists,(610) 994-0287,"2 W Market St Suite 100 A, West Chester, PA 19382, USA",https://stuccotestingspecialists.com/,4.8,18,ChIJ451eU5TrxokRQrS-4k0roBs,TextSearch(New)+Details(New)
Stucco World LLC,(609) 456-3503,"851 Spruce St, Trenton, NJ 08638, USA",https://www.stuccocontractorlawrencevillenj.com/,5,26,ChIJ__9Di0NYwYkR3Vr3tzUWkpg,TextSearch(New)+Details(New)
Provato Concrete Demolition & Masonry,(484) 237-1862,"455 Penn St, Yeadon, PA 19050, USA",http://www.provatocdm.com/,4.8,55,ChIJDZvmCZfBxokRnaRAH6wStSY,TextSearch(New)+Details(New)
"Becker Enterprise Group, LLC",(844) 456-4484,"3653 Salmon St, Philadelphia, PA 19134, USA",https://www.beckerenterprisegroup.com/contact-us/,5,3,ChIJfbkesNjJxokRf6F-5BeeB54,TextSearch(New)+Details(New)
Al Jamal Construction,(267) 815-8645,"2212 N Chadwick St, Philadelphia, PA 19132, USA",http://aljamaldesign.com/,4.8,19,ChIJUTCoAszHxokRJE06TQB4BM4,TextSearch(New)+Details(New)
Edward Griffin Construction - Remediation and Renovation,(610) 353-3909,"2 Drew Cir, Newtown Square, PA 19073, USA",http://edwardgriffinremediation.com/,4.9,12,ChIJv9Agz2zrxokRck1v-PQ0JwM,TextSearch(New)+Details(New)
"O'Brien Building Company, Inc.",(610) 449-4904,"303 Fairlamb Ave, Havertown, PA 19083, USA",http://www.obrienbuildingco.com/,,,ChIJcyoAFwvBxokR_bmk5DTTuKw,TextSearch(New)+Details(New)
General building repair company,(215) 908-3241,"2120 N 28th St, Philadelphia, PA 19121, USA",https://usmapiqs.org/details/general-building-repair-company-ChIJh6t,3,2,ChIJh6t-KOLHxokR1QObXVij3Mw,TextSearch(New)+Details(New)
J&T Brothers Stucco & Stone,(856) 503-7905,"620 Deer Rd, Cherry Hill Township, NJ 08034, USA",,5,1,ChIJIZ_2DirLxokRqxKvaY0EyIE,TextSearch(New)+Details(New)
"Gallen Plastering & Stucco, Inc",(215) 654-0313,"410 Fairview Ave, Ambler, PA 19002, USA",http://www.gallen-web.com/contact.htm,5,3,ChIJ2U2WojG7xokR4W7PQns9d2c,TextSearch(New)+Details(New)
McDermott Construction,(484) 318-8335,"981 Plumsock Rd, Newtown Square, PA 19073, USA",http://www.mcdermottconstruction.com/,4.8,10,ChIJ02gY6ubtxokRTvmkNIvayG8,TextSearch(New)+Details(New)
Corbally Plastering Inc,(484) 636-9988,"3506 Horton Rd, Newtown Square, PA 19073, USA",http://corballyplasteringsystem.com/,5,1,ChIJuUCCAgbrxokRgU77HtcXYAk,TextSearch(New)+Details(New)
A & R Concrete-Masonry-Waterproofing llc,(610) 532-2145,"1260 Woodland Ave Suite 214A, Springfield, PA 19064, USA",,4.6,179,ChIJ9SzXkJrDxokROsxDYjFA4f4,TextSearch(New)+Details(New)
Reaction Exteriors INC.,(484) 571-7100,"967 S Matlack St, West Chester, PA 19382, USA",https://www.reactionexteriors.com/,4.5,63,ChIJ9YSnzHXxxokRaZbT7oY0mdI,TextSearch(New)+Details(New)
Sperrin Construction,(610) 355-2317,"3553 West Chester Pike #325, Newtown Square, PA 19073, USA",https://sperrinconstruction.com/,5,6,ChIJYxTSEqjrxokRPMhMxZB8XaE,TextSearch(New)+Details(New)
Anthony Verderame Brick & Stone Pointing,(610) 891-0199,"38 Gallant Fox Dr, Media, PA 19063, USA",http://www.verderamepointing.com/,4.8,5,ChIJIzK4QyzvxokRKzuOo3DwcWo,TextSearch(New)+Details(New)
Stucco Testing Specialists - Stucco Inspections by Certified Stucco Inspector,(610) 994-0287,"611 Brighton Dr, Hatfield, PA 19440, USA",http://www.stuccotestingspecialists.com/,5,13,ChIJNzcMsIWhxokRw19eZH5dQuc,TextSearch(New)+Details(New)
"Lunny Building Diagnostics, Stucco Inspection Experts",(267) 483-8737,"302 Jasper Ct, Warrington, PA 18976, USA",,4.9,45,ChIJaybzzxOpxokRxvZhFcXBoKU,TextSearch(New)+Details(New)
Yost Stucco Siding and Roofing.,(484) 589-1274,"114 Colonial Dr, East Norriton Township, PA 19401, USA",,4.4,7,ChIJg5W2pB-9xokRKtxFH3_42ls,TextSearch(New)+Details(New)
Just Chimneys & Stucco Remediation,(484) 902-8381,"36 W 3rd Ave, Trappe, PA 19426, USA",http://www.just-chimneys.com/,4.3,92,ChIJizQ1pn6axokR9fv-jgButOQ,TextSearch(New)+Details(New)
Ai Restoration,(215) 794-6858,"4818 Durham Rd, Pipersville, PA 18947, USA",http://www.airestoration.com/,4.9,48,ChIJH-Ycu3UDxIkRj36yd1kQLXg,TextSearch(New)+Details(New)
Salomon Plastering Co Inc,(215) 244-4494,"2413 Knights Rd, Bensalem, PA 19020, USA",,5,2,ChIJcxCOMy9NwYkRa4u7qJzaiXI,TextSearch(New)+Details(New)
Shenberger Contracting,(610) 942-7310,"1060 N Manor Rd, Honey Brook, PA 19344, USA",https://www.shenbergercontracting.com/,5,8,ChIJt6eZek5nxokRz4qladiLJOQ,TextSearch(New)+Details(New)
E&I General Contracting LLC,(610) 727-0800,"1728 Horseshoe Pike rear 2, Glenmoore, PA 19343, USA",https://www.ei-contracting.com/,5,31,ChIJbZgZJyPzxokR5Uzhc3VqcaM,TextSearch(New)+Details(New)
Morgan Exteriors LLC,(877) 401-4777,"641 Lancaster Ave, Malvern, PA 19355, USA",https://morganexteriorsllc.com/?utm_source=google&utm_medium=local&utm_campaign=1&utm_content=primary,4.6,9,ChIJ0xF3A43zxokRxSu468Y2XQg,TextSearch(New)+Details(New)
New Chimney Sweep Stucco & Stone INC.,(610) 269-2422,"742 Norwood Rd, Downingtown, PA 19335, USA",http://www.newchimneysweep.com/,4.2,26,ChIJUctppA71xokRCAbZsHApXcM,TextSearch(New)+Details(New)
Five Star Contractors,(610) 827-1797,"10 Wood Valley Ln, Malvern, PA 19355, USA",http://www.fivestarcontractors.com/,5,59,ChIJlX3xD9uMxokRaFsphE95hKk,TextSearch(New)+Details(New)
"Precision Contracting Services, LLC",(610) 225-0112,"1150 Boot Rd #10, Downingtown, PA 19335, USA",https://precisionexterior.com/?utm_source=google&utm_medium=organic&utm_campaign=gbp,4.7,26,ChIJVVVVVa6UxokRQKqCQKuNeT0,TextSearch(New)+Details(New)
Del Rossi Stucco & Plastering,(484) 886-0641,"60 Scarlett Oaks Cir, Honey Brook, PA 19344, USA",http://www.delrossistucco.us/,3.6,8,ChIJaVRETqxCxokRwZDwXcMmEKg,TextSearch(New)+Details(New)
Murtagh Bros Inc,(610) 359-1979,"31 Bishop Hollow Rd, Newtown Square, PA 19073, USA",http://www.murtaghconstruction.com/,4,17,ChIJWyTygqbrxokRec5XyTbQUOQ,TextSearch(New)+Details(New)
Duke Roofing and Renovations,(484) 356-6555,"296 W Boot Rd, West Chester, PA 19380, USA",https://www.dukerenovations.com/,5,35,ChIJ__-Li4vyxokRMaRblH0C-T8,TextSearch(New)+Details(New)
A.H. Plastering LLC,(717) 517-6329,"475 Hammertown Rd, Narvon, PA 17555, USA",https://www.ahplastering.com/,5,13,ChIJh6hlgvhpxokR83K0zkqAeGA,TextSearch(New)+Details(New)
Morrison Custom Construction LLC,(610) 636-9637,"360 Seltzer Ave, Coatesville, PA 19320, USA",https://www.morrisoncustomconstruction.com/,5,21,ChIJX09FWwtZxokR3EhstPsOkbs,TextSearch(New)+Details(New)
Bianchini Masonry LLC,(267) 337-2393,"427 Buchanan Rd, Perkasie, PA 18944, USA",http://www.bianchinimasonry.com/,4.9,17,ChIJo5mZRFcdxIkRifaSvPG5OEM,TextSearch(New)+Details(New)
"Michael Angelo Masonry, LTD",(215) 378-2056,"6542-A Lower York Rd # 303, New Hope, PA 18938, USA",http://michaelangelomasonry.com/,5,16,ChIJ3XSoVqIAxIkRlKiBHFt8ag4,TextSearch(New)+Details(New)
Schwartz Steven G,(215) 659-6349,"1930 Terwood Rd, Huntingdon Valley, PA 19006, USA",http://stevenschwartzplastering.com/,5,6,ChIJY7MOpduxxokRJ3vAu9o81L8,TextSearch(New)+Details(New)
"Carpino Contractors, Inc.",(215) 355-7549,"21 Wheatsheaf Rd, Ivyland, PA 18974, USA",http://carpinoinc.com/,4.4,114,ChIJnwJ-OASsxokRL6cL28Eo6D4,TextSearch(New)+Details(New)
The Patch Boys of Eastern PA,(215) 607-2052,"1000 Pk Ridge Rd, Horsham, PA 19044, USA",https://thepatchboysofeasternpa.com/?utm_campaign=gbp,4.9,176,ChIJwYaRhRq5xokRaip6l72e-N0,TextSearch(New)+Details(New)
"O'Neill Masonry, LLC",(267) 549-5975,"3727 Cold Spring Creamery Rd, Doylestown, PA 18902, USA",https://oneillmasons.com/,4.9,16,ChIJT4OIlH65xokR9HpEd7CI0lk,TextSearch(New)+Details(New)
Q&E Keystone Masonry,(267) 450-6550,"121 N Main St Suite 301, Souderton, PA 18964, USA",http://www.qekeystonemasonry.com/?utm_source=google&utm_medium=organic&utm_campaign=seolocale,5,174,ChIJFQSCPlMfxIkR8gUsFXIcE8c,TextSearch(New)+Details(New)
Becker Enterprise Group Masonry & Concrete,(856) 263-3589,"519C Cinnaminson Ave, Palmyra, NJ 08065, USA",http://www.beckerenterprisegroup.com/?utm_campaign=gmb,5,22,ChIJUWex4aW1xokRkSkv7Q-m0U8,TextSearch(New)+Details(New)
"Fine Line Masonry Stucco & Stone Exteriors, LLC",(609) 932-2990,"217 Spring Garden Rd, Hammonton, NJ 08037, USA",http://www.finelinemasonry.com/,5,8,ChIJaRJIOpspwYkRMKxmaJFqYBk,TextSearch(New)+Details(New)
Advanced Wall Systems,(856) 456-9390,"5 Creek Rd, Brooklawn, NJ 08030, USA",http://www.advancedwallsystemsinc.com/,5,2,ChIJpy_Qxv_PxokR_enD5RS-zzQ,TextSearch(New)+Details(New)
"Affordable Restorations, LLC.",(856) 206-9848,"1 Eves Dr Suite #111, Marlton, NJ 08053, USA",http://www.arestorations.com/,5,15,ChIJKSu_Fu00wYkRkb2XSF4HRDg,TextSearch(New)+Details(New)
"7&7 Contractor LLC | Painting, Remodeling & Cleaning",(856) 745-6288,"600 S White Horse Pike, Audubon, NJ 08106, USA",https://www.77contractorllc.com/,4.7,65,ChIJVzrnuKfPxokRg-ycgzzwgsU,TextSearch(New)+Details(New)
Stucco Solutions LLC,(609) 652-1938,"201 E Sylvan Ln, Galloway, NJ 08205, USA",,4.3,9,ChIJ_1N8DSrkwIkRpJLsCDAGPhs,TextSearch(New)+Details(New)
Guzzo Stucco,(856) 690-8888,"3501 D'Ippolito Dr #1555, Vineland, NJ 08360, USA",http://www.guzzostucco.com/,3.9,14,ChIJOd1Msa3XxokRjYRwTUCbcmw,TextSearch(New)+Details(New)
ProStone Construction,(267) 530-4031,"23 Berkshire Rd, Sicklerville, NJ 08081, USA",http://www.prostoneconstruction.com/contact-us/,5,2,ChIJ__9Lr5_TxokRdJGgxxQGasc,TextSearch(New)+Details(New)
Best Drywall Installation & Repair in Audubon,(856) 573-0011,"79 E Lake Dr, Audubon, NJ 08106, USA",https://stephenrizzo.shop/,,,ChIJoRZo4VnPxokROAPdjxZNCGc,TextSearch(New)+Details(New)
"Best Drywall Installation & Repair, Gloucester City",(856) 432-4456,"800 Market St, Gloucester City, NJ 08030, USA",https://sfpedrickconstructionco.shop/,,,ChIJf9OhCevPxokRSU_Yn88YOAo,TextSearch(New)+Details(New)
Gold Leaf Designs,(856) 359-4944,"14 Lakeview Dr, Cherry Hill Township, NJ 08003, USA",http://www.goldleaf-designs.com/,5,10,ChIJwaPguZg1wYkRAmE_U_8uqFQ,TextSearch(New)+Details(New)
Mr. Handyman of Moorestown-Haddonfield-Voorhees,(856) 481-0910,"626 Park Rd Suite 2, Cherry Hill Township, NJ 08034, USA",https://www.mrhandyman.com/moorestown-haddonfield-voorhees/?cid=LSTL_MHM000197&utm_source=gmb&utm_campaign=local&utm_medium=organic,4.8,335,ChIJV4I25DfLxokRl7pUAsztmdc,TextSearch(New)+Details(New)
"Straight Line Painting and Services, LLC",(856) 472-5807,"436 Green Ln, West Deptford, NJ 08051, USA",https://www.straightlinepainting.info/,4.7,66,ChIJkYEmTq3axokRZWjlofbQzoY,TextSearch(New)+Details(New)
Tristate Masonry Restorations,(856) 229-1669,"12 Farmingham Dr, Sewell, NJ 08080, USA",https://www.masonryrestorationsnj.com/,4.4,10,ChIJAQ8Vgb3XxokRTc9con7BKI8,TextSearch(New)+Details(New)
Mainline Construction Group,(856) 425-7425,"7 Clearbrook Ln, Sewell, NJ 08080, USA",https://www.mainlinecg.com/,5,41,ChIJo9aEHrrPxokR45_aCIbA7hI,TextSearch(New)+Details(New)
Brennan Contracting,(856) 589-5895,"420 Andbro Dr Unit 4B, Pitman, NJ 08071, USA",http://www.brennancontractor.com/,4.8,188,ChIJgZhnzz_XxokR9Qa4mdfn5cY,TextSearch(New)+Details(New)
Melbourne Construction,(609) 558-3197,"16 Hidden Acres Dr, Tabernacle, NJ 08088, USA",http://melbourneconstruction.net/,4.9,13,ChIJ-VRQ_nuVYkIRm9Rlkn4bWMM,TextSearch(New)+Details(New)
"Apex Contractors, LLC",(609) 883-2172,"160 Ewingville Rd, Ewing Township, NJ 08638, USA",http://apexstucco.com/,4.1,14,ChIJ6fzOwC5YwYkRWGd1furXK70,TextSearch(New)+Details(New)
Tri-State Brickface & Stucco,(877) 274-2500,"364 Mounts Mills Rd, Monroe Township, NJ 08831, USA",https://www.tristate-brickface.com/,4.6,33,ChIJMYVp6_7Qw4kRt8EJV9izRfw,TextSearch(New)+Details(New)
Affordable Stucco Services of Delaware,(302) 442-0795,"608 Main St, Odessa, DE 19730, USA",https://www.affordablestuccoservices.com/,4.6,8,ChIJVVWKpgALx4kRMdA32Fclhdk,TextSearch(New)+Details(New)
Santo Stucco & Stone,(302) 521-9421,"13 Metten Rd, Newark, DE 19713, USA",,4.8,5,ChIJl1E2Sfapx4kRK0euf6HqPlI,TextSearch(New)+Details(New)
TBS Construction LLC,(302) 650-3620,"304 Jefferson Ave, New Castle, DE 19720, USA",,5,4,ChIJp9A5srIDx4kRQQm-7UdOtaQ,TextSearch(New)+Details(New)
Paul's Plastering,(302) 654-5583,"19 Davidson Ln, New Castle, DE 19720, USA",https://www.paulsplastering.com/,3,2,ChIJIYvKz8cCx4kR-udlBKC8AMY,TextSearch(New)+Details(New)
All In One Home Repairs LLC,(302) 897-3845,"200 W Main St, Middletown, DE 19709, USA",http://www.allinonehomerepairs.com/,5,11,ChIJQ_H7k0kHx4kRu6uXY-Nng6U,TextSearch(New)+Details(New)
Becker’s Roofing Siding & Chimney Contractors,(302) 205-1820,"209 Main St, Wilmington, DE 19804, USA",https://www.beckerschimneyandroofing.com/?utm_source=googlebusinessprofile&utm_medium=organic&utm_campaign=gblisting,4.8,218,ChIJQYNDSg7-xokRP57LIli_EoE,TextSearch(New)+Details(New)