name,phone,address,website,rating,reviews,place_id,source
Heat-N-Air Guys,(610) 590-8877,"1134 Main St, Darby, PA 19023, USA",http://www.heatnairguys.com/,4.8,185,ChIJqx7r-OXDxokR7V6UqjumPKc,TextSearch(New)+Details(New)
Superior Comfort Heating & Cooling LLC,(215) 416-6557,"545 N 58th St, Philadelphia, PA 19131, USA",http://www.phillyhvacpro.com/,4.9,62,ChIJATEA6SfHxokR9Hox3PvaDKU,TextSearch(New)+Details(New)
Philly's Heating and Cooling,(267) 214-0111,"3738 Melon St, Philadelphia, PA 19104, USA",,4.9,28,ChIJUSUUkJ7BxokRFOBkD9y67EM,TextSearch(New)+Details(New)
Creative Comfort Solutions Heating & Air Conditioning,(610) 638-2940,"34 E Glenolden Ave, Glenolden, PA 19036, USA",https://creativecomfortsolutions.com/?utm_source=google&utm_medium=organic&utm_campaign=glenolden_gbp,4.9,633,ChIJ2y0gRarDxokRVzUs-qdxhvQ,TextSearch(New)+Details(New)
Perfect Degree HVAC,(610) 529-7372,"4610 State Rd, Drexel Hill, PA 19026, USA",https://www.perfectdegreehvac.net/,5,220,ChIJT7JJxVzzxokRIgvZMAdt1-Q,TextSearch(New)+Details(New)
H & H Heating and Air Conditioning Inc.,(610) 532-8744,"3 Industrial Hwy, Essington, PA 19029, USA",https://www.delcohvac.com/?utm_source=Google&utm_medium=Organic&utm_campaign=GMB,4.9,1927,ChIJJ1vSDtrCxokR7UCzsEStRNk,TextSearch(New)+Details(New)
GEN3 Electric & HVAC,(267) 419-7922,"1257 S 26th St, Philadelphia, PA 19146, USA",https://generation3electric.com/,4.9,4381,ChIJxQbFLG_GxokRF8XtPpf1ySQ,TextSearch(New)+Details(New)
AirMaster Heating & Cooling Specialists,(215) 284-7583,"5545 Baynton St, Philadelphia, PA 19144, USA",https://www.airmasterpa.com/?utm_source=gbp&utm_medium=organic&utm_campaign=smp_gbp_philly,4.9,860,ChIJIYfaGxXGxokR8k5iUmCUYi8,TextSearch(New)+Details(New)
Adam Home Services,(484) 376-5429,"200 West Chester Pike, Havertown, PA 19083, USA",https://adammechanical.com/?utm_source=gmb&utm_medium=organic,4.8,2883,ChIJsRfPz3_BxokRo2D4ELpM1vo,TextSearch(New)+Details(New)
SK Heating and Air Conditioning,(610) 937-5357,"339 Montgomery Ave, Bala Cynwyd, PA 19004, USA",http://www.skcomfort.com/,4.8,232,ChIJnQPzw8zHxokR_Nh2veYxovE,TextSearch(New)+Details(New)
Bailey Heating & Cooling LLC,(484) 478-2284,"1201 Alfred Ave, Yeadon, PA 19050, USA",,4.9,38,ChIJGTOUovnDxokR3-itJqQS2BY,TextSearch(New)+Details(New)
Unique Indoor Comfort Heating and Cooling,(610) 540-7298,"780 5th Ave Suite 140, King of Prussia, PA 19406, USA",https://www.uniqueheatingandcooling.com/?utm_source=google&utm_medium=organic&utm_campaign=GMBListing-King-Of-Prussia-PA,4.9,3835,ChIJdayZxDC-xokRcp58tBKDnQg,TextSearch(New)+Details(New)
Cabrera & Sons Heating & Air Conditioning,(267) 300-0838,"333 Spring Garden St, Philadelphia, PA 19123, USA",https://cabrerasonsroofingconstruction.com/philadelphia-pa-4/,4.8,49,ChIJ1UnOeuXJxokRgOYybEYO0-8,TextSearch(New)+Details(New)
PJ MAC HVAC Service & Repair,(610) 672-3046,"642 Harper Ave, Drexel Hill, PA 19026, USA",https://pjmachvac.com/drexel-hill-ac-heating-repair-install/,5,182,ChIJ-zNmSNqvxokRg51ovrOrg1k,TextSearch(New)+Details(New)
Comfort Home Heating and Cooling,(484) 846-8868,"1035 Milmont Ave, Swarthmore, PA 19081, USA",https://www.comforthomeheatingandcooling.com/,5,146,ChIJ-xcBXnDDxokRcj31q1-yAgE,TextSearch(New)+Details(New)
McGinley Services Heating & Cooling,(267) 710-8134,"1100 Lincoln Ave store 2, Prospect Park, PA 19076, USA",http://mcginleyservices.com/,4.9,536,ChIJO-jJZgvBxokRE7thvnFOrH0,TextSearch(New)+Details(New)
McLoughlin Plumbing Heating & Cooling,(610) 649-8080,"8649 West Chester Pike, Upper Darby Township, PA 19082, USA",https://www.mcloughlinphc.com/?utm_source=google-business-profile&utm_medium=organic&utm_campaign=business-listing&utm_content=mcloughlin,4.7,756,ChIJ8xITqAXBxokRJ3djWBBm2oM,TextSearch(New)+Details(New)
NextGen Heating and Air Conditioning,(267) 347-2657,"2435 S Bancroft St, Philadelphia, PA 19145, USA",https://www.nextgenhvac.co/,4.9,155,ChIJq4f8z0rFxokRRVMPPFXaW9A,TextSearch(New)+Details(New)
Philadelphia Gas & Electric,(215) 743-0500,"4512 Paul St, Philadelphia, PA 19124, USA",http://www.pgecomfort.com/,4.9,156,ChIJTY5q-kG2xokRjsyOCmR0VW8,TextSearch(New)+Details(New)
Daniels HVAC Philadelphia LLC,(267) 971-3639,"1869 E Tulpehocken St, Philadelphia, PA 19138, USA",http://www.danielshvacphiladelphia.com/,4.6,162,ChIJ3dHtLeK5xokRT3Oz3fVqBPQ,TextSearch(New)+Details(New)
"Green Heating, Cooling & Electric",(215) 333-9700,"6915 Castor Ave, Philadelphia, PA 19149, USA",http://www.greenhvacair.com/,4.8,312,ChIJmwGMRJi2xokR82kptffmkvc,TextSearch(New)+Details(New)
"Stallion Heating, Plumbing, Air Conditioning",(215) 278-9690,"1641 Delmar Dr, Folcroft, PA 19032, USA",https://www.26stallion.com/?utm_source=google-business-profile&utm_medium=organic&utm_campaign=business-listing&utm_content=stallion,4.8,1477,ChIJz8iHrafIxokRWIKM9MCdzGs,TextSearch(New)+Details(New)
O'Brien Heating & Air Conditioning,(610) 615-1181,"381 Burmont Rd, Drexel Hill, PA 19026, USA",https://ocomfort.com/?utm_source=google&utm_medium=organic&utm_campaign=GMBListing-Drexel-Hill-PA,4.7,304,ChIJUVh494LBxokRxyJtpXmXCgs,TextSearch(New)+Details(New)
Sears Heating and Air Conditioning,(743) 249-8638,"800 Calcon Hook Rd Ste 6, Sharon Hill, PA 19079, USA",https://www.searshomeservices.com/repair/hvac-repair-service?utm_campaign=GMBhomeimprovement&utm_medium=organic&utm_source=GMBlisting&SID=1033898&phone=7432498638,4,62,ChIJ9QzS35DDxokRZ9XE9bGyGLA,TextSearch(New)+Details(New)
Summers Quality Services,(215) 482-8800,"8200 Ridge Ave, Philadelphia, PA 19128, USA",https://www.summersquality.com/?utm_source=gmb&utm_medium=organic,4.8,250,ChIJI1yKL-S2xokRZqr81j7-Hfk,TextSearch(New)+Details(New)
Toran Heating & Air Conditioning Inc.,(610) 348-1142,"45 E City Ave, Bala Cynwyd, PA 19004, USA",http://www.toranheating.com/,4.9,69,ChIJ9aLL-13HxokRl6T0qoQuOtU,TextSearch(New)+Details(New)
"WM Henderson Heating, Cooling, Plumbing, & Electrical Inc.",(610) 510-8173,"511 Abbott Dr, Broomall, PA 19008, USA",https://www.wmhendersoninc.com/?utm_source=google&utm_medium=gbp&utm_campaign=WMH0100-WEB009-GBP&utm_crid=WMH0100_WEB009_134369292,4.7,2983,ChIJqfgZ0OHBxokRNnuwylC6rB8,TextSearch(New)+Details(New)
Jarman Sales and Service,(215) 389-2345,"2041 Point Breeze Ave, Philadelphia, PA 19145, USA",https://www.jarmansalesandservice.com/,4.9,60,ChIJLzQ7tXDGxokRL3Z7St_yZ4U,TextSearch(New)+Details(New)
Trustco Heating & Air,(215) 281-9376,"10901 Waldemire Dr, Philadelphia, PA 19154, USA",https://www.trustcoheatingandair.com/?utm_source=google&utm_medium=organic&utm_campaign=gbp,5,137,ChIJvev-P0ezxokRad89PZ50HSs,TextSearch(New)+Details(New)
Tri-State Heating & Air Conditioning,(610) 842-5443,"2506 S 19th St, Philadelphia, PA 19145, USA",http://www.tristateheatingandairconditioning.com/,4.7,21,ChIJgQ9t7N_FxokRc3Xi-EXMwWU,TextSearch(New)+Details(New)
Tri-County HVAC & Contracting,(267) 656-7414,"360 W Hortter St, Philadelphia, PA 19119, USA",https://tricountyhvacandcontracting.com/,4.9,64,ChIJy9Dap3C7xokRpaFtGVqr-14,TextSearch(New)+Details(New)
BNK Plumbing And HVAC Services,(610) 809-2552,"750 Academy Terrace, Sharon Hill, PA 19079, USA",http://www.bnkplumbing-appliances.com/,5,41,ChIJg9shXdykl4URZd5E26QOpt4,TextSearch(New)+Details(New)
Philadelphia HVAC Company,(267) 214-0111,"3613 Fox St, Philadelphia, PA 19129, USA",,4.7,19,ChIJ0d5aUD67xokRl6f4vAgR8fg,TextSearch(New)+Details(New)
"Karalis Mechanical Services, LLC.",(484) 296-0116,"2035 Sproul Rd, Broomall, PA 19008, USA",https://www.karalishvac.com/?utm_source=google&utm_medium=organic&utm_campaign=gbp-listing,5,143,ChIJ5dTZEA3qxokRj8-FDUUOLI0,TextSearch(New)+Details(New)
"Borden Heating & Cooling, Inc.",(610) 325-9966,"501 Abbott Dr, Broomall, PA 19008, USA",http://www.bordenco.com/?utm_source=google-my-business&utm_medium=organic,4.9,111,ChIJxy-3p9_BxokRcnWWL7bTjGI,TextSearch(New)+Details(New)
Air Changes Heating & Cooling LLC,(215) 918-4962,"614 Tyson Ave 1st flr, Philadelphia, PA 19111, USA",https://www.airchangeshvac.com/,4.9,96,ChIJuXa6yRu3xokRYY9hpvefJLg,TextSearch(New)+Details(New)
"Cardullo Mechanical, LLC",(267) 578-8360,"703 Christian St, Philadelphia, PA 19147, USA",https://cardullomechanical.com/,4.9,57,ChIJ659FrHnHxokR7W4BLJ-ael4,TextSearch(New)+Details(New)
"Boyle Energy - Heating, Air Conditioning, Oil & Propane",(610) 723-7274,"40 W Manoa Rd, Havertown, PA 19083, USA",https://boylebrothersenergy.com/?utm_source=Google+My+Business&utm_medium=Organic,4.9,600,ChIJP6r7Gq3BxokRLtr5KT_LDuE,TextSearch(New)+Details(New)
Family Heating & Air Conditioning,(215) 330-6616,"873 Township Line Rd, Elkins Park, PA 19027, USA",https://familyhvac.com/,5,269,ChIJLRZ8eVKxxokRWy3LZX5opsQ,TextSearch(New)+Details(New)
Cabrera & Sons Heating & Air Conditioning,(717) 970-8700,"4504 City Ave, Philadelphia, PA 19131, USA",https://cabrerasonsroofingconstruction.com/pittsburgh-pa/,4.8,59,ChIJE0ecPC_HxokRlW4FhtjUxVA,TextSearch(New)+Details(New)
PJ MAC HVAC Service & Repair,(610) 424-6447,"130 Naudain St #202, Philadelphia, PA 19147, USA",https://pjmachvac.com/naudain-philadelphia-hvac-service/,5,16,ChIJe5YDqiLJxokRpm51Elurc7g,TextSearch(New)+Details(New)
Mueller Mechanical LLC,(215) 896-3665,"735 Reed St, Philadelphia, PA 19147, USA",https://muellermechanical.com/,5,18,ChIJD9b2vFfHxokRPWh59eAM5sU,TextSearch(New)+Details(New)
Philadelphia Heating and Air Conditioning,(272) 246-3715,"1904 E Passyunk Ave, Philadelphia, PA 19148, USA",,4.3,11,ChIJ687Y8HjoxokRnYGahRtEqKE,TextSearch(New)+Details(New)
Royal Heating&Cooling,(267) 214-0111,"5700 Kingsessing Ave, Philadelphia, PA 19143, USA",,4.7,18,ChIJcxdfShnmxokRHCQwjd8ZdN8,TextSearch(New)+Details(New)
Fast Heating Repair Philadelphia,(215) 650-8629,"1439 Brown St Suite 1, Philadelphia, PA 19130, USA",,5,1,ChIJxS1cZFTHxokRoEjnvly6rSI,TextSearch(New)+Details(New)
Cabrera & Sons Heating & Air Conditioning,(267) 376-8800,"1624 State Rte 4021, Philadelphia, PA 19150, USA",https://cabrerasonsroofingconstruction.com/philadelphia-pa-2/,4.8,44,ChIJ-6i-6fS5xokRTBTWizmwu5U,TextSearch(New)+Details(New)
All Time Comfort Heating&Cooling,(267) 356-8317,"8615 Colony Dr, Philadelphia, PA 19152, USA",,4.8,58,ChIJ46i1SNy1xokRF-k4nwKYsVM,TextSearch(New)+Details(New)
Global Services,(215) 722-1500,"7707 Castor Ave, Philadelphia, PA 19152, USA",https://globalservicesnow.com/,4.6,175,ChIJdQOlvAK0xokRTkdLuAOwQkc,TextSearch(New)+Details(New)
R & R Mechanical Services Inc,(215) 744-3217,"4313 Factory St, Philadelphia, PA 19124, USA",https://www.rrmechanicalhvac.com/local-ductless-hvac-experts-in-philadelphia-bucks-county/,4.8,261,ChIJSa7tu1-2xokRi0JSgT8dQUk,TextSearch(New)+Details(New)
Philadelphia Heating & Air Conditioning,(445) 287-9847,"273 S 15th St, Philadelphia, PA 19102, USA",,4,16,ChIJPRY7hjGYxokRNNNrbQx_o6Q,TextSearch(New)+Details(New)
Angel Heating & Cooling,(215) 464-8712,"6044 Castor Ave #201, Philadelphia, PA 19149, USA",https://www.angelhvac.com/,4.8,484,ChIJ-7qBIlWyxokR2Fbf0R_NvQA,TextSearch(New)+Details(New)
Green air heating&cooling,(215) 688-6178,"1203 N 3rd St, Philadelphia, PA 19122, USA",https://www.greenairheatingcooling.com/,4.8,41,ChIJRec4u8PJxokRJTJaKTq3Iz8,TextSearch(New)+Details(New)
"Alternative Air - Heating, Cooling, & Energy",(215) 323-5577,"2453 W Gordon St, Philadelphia, PA 19132, USA",,5,1,ChIJ0aybjhHHxokRJOKVQxbhieM,TextSearch(New)+Details(New)
Heating & Air Conditioning Philadelphia,(267) 219-9145,"3201 W Cheltenham Ave, Philadelphia, PA 19150, USA",,4.9,31,ChIJQ3b8Erq7xokRJBQ2oMqlIBM,TextSearch(New)+Details(New)
ACA CONTRACTING LLC,(215) 921-6102,"6045 Catharine St Suite B, Philadelphia, PA 19143, USA",http://acacontractingllc.com/,5,19,ChIJUy7bWIzHxokRGlaROUJkLi0,TextSearch(New)+Details(New)
Sullivan's Heating & Cooling,(215) 201-6713,"1062 Oakwood Dr, Glenolden, PA 19036, USA",,4.7,27,ChIJ-weWSl7DxokRT-JuI4ICFhI,TextSearch(New)+Details(New)
Bellina Heating & Air Conditioning,(215) 990-1811,"614 Wendover St, Philadelphia, PA 19128, USA",https://www.facebook.com/bellinaheatingandair/,4.8,18,ChIJ4-XstHq5xokRFfsJBa5JpGs,TextSearch(New)+Details(New)
HL Bowman Inc Plumbing Heating & AC,(610) 671-3360,"1005 Sussex Blvd #4, Broomall, PA 19008, USA",https://hlbowman.com/locations/west-chester-pa/?utm_source=google&utm_medium=gmb&utm_campaign=west%20chester%20listing&se_campaign=Google%20My%20Business%20-%20Clicked%20to%20Website,4.8,180,ChIJ_1LG72frxokRWp6tQn8v5r4,TextSearch(New)+Details(New)
Meenan,(215) 943-3500,"8301 Lansdowne Ave, Upper Darby Township, PA 19082, USA",https://www.meenan.com/g/upper-darby-pa,4.2,339,ChIJCS_l-QjBxokR6v_vHbF28Aw,TextSearch(New)+Details(New)
AFFORDABLE FIXES Heating Cooling Plumbing,(215) 677-1300,"2526 E Cambria St, Philadelphia, PA 19134, USA",https://www.affordablehvacpa.com/,4.5,8,ChIJb5DR7AjJxokRZw92RlTK7wU,TextSearch(New)+Details(New)
"DelFera Heating, Cooling & Electric, Co.",(610) 957-0002,"3581 Concord Rd, Aston Township, PA 19014, USA",http://www.delfera.com/,4.9,1629,ChIJbxM_lBvmxokRhHr2CfWh2vw,TextSearch(New)+Details(New)
"Dream Team - Plumbing, Heating, Cooling, & Electric",(484) 969-9524,"300 S Pennell Rd Suite 200, Media, PA 19063, USA",https://dreamteampa.com/media/?utm_source=organic&utm_medium=gbp&utm_campaign=Media+GBP,4.9,1522,ChIJee94tPHvxokR7kB-zyLARtE,TextSearch(New)+Details(New)
"Go Green Maintenance and Repair, LLC",(267) 249-1218,"4608 Florida Ave, Newtown Square, PA 19073, USA",https://chestercountyhvacandplumbing.com/,4.9,125,ChIJcU0fGT_rxokRROtaO0rqMcA,TextSearch(New)+Details(New)
"Dream Team - Plumbing, Heating, Cooling, & Electric",(484) 255-8269,"1 E Eagle Rd, Havertown, PA 19083, USA",https://dreamteampa.com/havertown/?utm_source=google&utm_medium=gbp-hav&se_campaign=GBP%20-%20Havertown,4.9,409,ChIJY6fEBEnBxokRARFDdq8m4sw,TextSearch(New)+Details(New)
Middletown HVAC,(610) 500-6416,"1275 Middletown Rd, Glen Mills, PA 19342, USA",https://mtownhvac.com/,5,94,ChIJgca5-obvxokR1S2dz1MPzpE,TextSearch(New)+Details(New)
"Christian Heating, Cooling, Plumbing and Electrical",(484) 246-5735,"252 N Radnor Chester Rd #2F, Villanova, PA 19085, USA",https://www.christianhvac.com/?utm_source=google-gbp&utm_medium=organic&utm_campaign=*391*christian-villanova,5,48,ChIJb7ql-7KVxokRTkhEEs9FAsI,TextSearch(New)+Details(New)
"Harris Plumbing, Heating, Air & Electrical",(484) 573-6393,"105 W 3rd St Suite 102, Media, PA 19063, USA",https://www.callharrisnow.com/?utm_source=google&utm_medium=gbp-pa&se_campaign=GBP%20-%20Media%20PA,4.9,2716,ChIJ7ToVFEzpxokRrNBSTtzyJvA,TextSearch(New)+Details(New)
Oliver Heating and Cooling,(610) 467-2223,"101 Waverly Ave, Morton, PA 19070, USA",https://www.oliverheatcool.com/?utm_source=GoogleMyBusiness&utm_medium=organic&utm_campaign=GMBListingPA,4.6,2161,ChIJzXGl6X7CxokRXXlhxf0K8kQ,TextSearch(New)+Details(New)
Cool It Heating and Air,(610) 534-8771,"7 Riddlewood Dr, Media, PA 19063, USA",https://coolithvac.com/,4.8,238,ChIJNYiv3zLvxokRXIOK3AZjgfU,TextSearch(New)+Details(New)
PATRICK’S Heating and Cooling,(610) 969-8944,"302 Netherington Dr, Broomall, PA 19008, USA",https://patrickshvacservices.com/,5,42,ChIJ9XW2icjGCwQRLeKqHnbaQno,TextSearch(New)+Details(New)
High Tech Heating and Cooling,(215) 364-3500,"147 Conchester Hwy, Garnet Valley, PA 19014, USA",https://hightechheatingandcooling.com/,5,34,ChIJGxtFPq4P_ywR3wlKboIDp8Q,TextSearch(New)+Details(New)
Old School Heating & Cooling LLC,(302) 383-7036,"2 Woodsedge, Claymont, DE 19703, USA",https://www.oldschoolheat.com/,4.9,151,ChIJN1DNZYvlxokRT3BCdRlQpVA,TextSearch(New)+Details(New)
"Walsh Brothers Plumbing and Mechanical Services, Inc.",(610) 623-2789,"500 Abbott Dr STE A, Broomall, PA 19008, USA",https://www.walshbrothersinc.com/,4.8,320,ChIJI0pClYLBxokRbW68nZDmkY4,TextSearch(New)+Details(New)
Pompetti Heating & Air Conditioning,(610) 565-4778,"410 Taylor St, Media, PA 19063, USA",http://pompettihvac.com/,4.6,21,ChIJ-Z8srbrpxokRGUxYCM3sfro,TextSearch(New)+Details(New)
Robinson Mechanical LLC,(267) 217-2279,"1149 Morton Ave, Folsom, PA 19033, USA",http://www.robinsonmechanicalllc.com/,5,9,ChIJpybrrqhNj0YRVhCbvKwg52s,TextSearch(New)+Details(New)
PJ MAC HVAC Air Duct Cleaning,(610) 424-6275,"630 Fairview Rd #110, Swarthmore, PA 19081, USA",https://pjmachvac.com/air-duct-cleaning-service-swarthmore/,4.9,54,ChIJ63ZiKRLpxokRUUP4HHNOf-c,TextSearch(New)+Details(New)
Comfort Zone Heating & Air Conditioning,(484) 779-6060,"3805 West Chester Pike, Newtown Square, PA 19073, USA",https://comfortzoneheatingairconditioning.site/,4.7,47,ChIJLTPIEazrxokRtwcKfAlIIAU,TextSearch(New)+Details(New)
Green Air Concepts HVAC,(484) 222-1233,"218 Ardmore Ave, Ardmore, PA 19003, USA",https://greenairconcepts.net/?utm_source=GBP&utm_medium=GBP-Profile&utm_campaign=GBP-Organic,5,74,ChIJW9wqX9u5xokRW8oaudQSxxM,TextSearch(New)+Details(New)
PECH HVAC AND ELECTRICIAN,(610) 800-0290,"1139 Upland St, Chester, PA 19013, USA",https://pechhvac.com/,5,11,ChIJUQ7F8m3nxokR6BacigJgNG0,TextSearch(New)+Details(New)
R F Bondurant Plumbing & Heating,(610) 566-0288,"228 Brooke St, Media, PA 19063, USA",https://rfbondurant.com/,4.9,373,ChIJ4SIkFgXpxokR3ChGh-XQDFo,TextSearch(New)+Details(New)
John Cipollone Inc,(610) 446-7877,"600 Darby Rd, Havertown, PA 19083, USA",https://www.johncipollone.com/,4.9,81,ChIJQdxmEqzBxokRPLKKQvA7cV0,TextSearch(New)+Details(New)
Proactev Heating & Cooling,(610) 333-3219,"704 Dover Ct, Wallingford, PA 19086, USA",,5,1,ChIJj42kOvvpxokRjFz1Z-CL1BA,TextSearch(New)+Details(New)
Today Heating &Air Conditioning Company,(610) 548-3378,"19 Cook Rd, Media, PA 19063, USA",,4.6,11,ChIJP_sTUProxokRP_xMCYNQm_o,TextSearch(New)+Details(New)
AllSeason Heating & Air Conditioning,(223) 226-0070,"3737 Foulk Rd, Garnet Valley, PA 19060, USA",https://allseasonheatingairconditioning.homes/,4.7,40,ChIJjS45zdzlxokRV9rr6byjmp8,TextSearch(New)+Details(New)
Bob's Appliance Repairs and HVAC,(484) 497-8101,"2155 Armstrong Ave, Morton, PA 19070, USA",http://www.bobsappliancerepairs.com/,4.1,85,ChIJNWOZ3F3CxokRygBReos3K30,TextSearch(New)+Details(New)
"Len The Plumber Heating & Air, LLC",(980) 220-0827,"7 Chelsea Pkwy #709, Boothwyn, PA 19061, USA",https://lentheplumber.com/philadelphia-area/?utm_source=google&utm_medium=organic&utm_campaign=GMBListing-Boothwyn-PA,4.6,5081,ChIJZ17vOMPlxokRKf405rI3epM,TextSearch(New)+Details(New)